name,location,Date,Rating,Review
Helen,"Wichita Falls, TX","Reviewed Sept. 13, 2023",5.0,"Amber and LaDonna at the Starbucks on Southwest Parkway are always so warm and welcoming. There is always a smile in their voice when they greet you at the drive-thru. And their customer service is always spot-on, they always get my order right and with a smile. I would actually give them more than 5 stars if they were available."
Courtney,"Apopka, FL","Reviewed July 16, 2023",5.0,"** at the Starbucks by the fire station on 436 in Altamonte Springs, FL made my day and finally helped me figure out the way to make my drink so I’d love it. She took time out to talk to me for 2 minutes to make my experience better than what I’m used to. It was much appreciated! I’ve had bad experiences one after another at the Starbucks that’s closest to me in my work building with my drinks not being great along with not great customer service from specific baristas. Niko was refreshing to speak to and pleasant. The drink was perfect! Store 11956"
Daynelle,"Cranberry Twp, PA","Reviewed July 5, 2023",5.0,I just wanted to go out of my way to recognize a Starbucks employee Billy at the Franklin Park location! I was running late to work & placed an order at the wrong location and not only did he make my order with a smile he made it within 60 seconds! Thank you SOO much I was having a bad morning and people like you just make this world a better place.
Taylor,"Seattle, WA","Reviewed May 26, 2023",5.0,"Me and my friend were at Starbucks and my card didn’t work. Thankful the worker there, paid for our drinks. And was very nice about it, it didn’t seem to bother him that he paid for our drinks. This made my day, but made me look like a fool because my card didn’t work. All thanks to Dillon. At Shoreline WA in Safeway. Thank you so much Dillon for the help, support and, kindness. I rate this 1000/10 if I could but, other than that, 10/10."
Tenessa,"Gresham, OR","Reviewed Jan. 22, 2023",5.0,I’m on this kick of drinking 5 cups of warm water. I work for Instacart right now and every location of Starbucks I was given free hot water because I asked for it without being charged. I really appreciate Starbucks for giving me the opportunity to do such thing. That’s why I give them five stars. They fully have my support. They’re super nice and professional and the coffee is great. Go to Starbucks.
Alyssa,"Sunnyvale, TX","Reviewed Sept. 14, 2023",1.0,We had to correct them on our order 3 times. They never got it right then the manager came over to us and said we made her employee uncomfortable because we were trying to correct our order. The manager tried was racist against my stepmom (Chinese) taking over her but when I (**) would talk she would stop talking and listen to me.
ken,"Spring Hill, FL","Reviewed Sept. 8, 2023",1.0,"I have tried Starbucks several different times in different locations just in case it was just the one store. But it's not. If you like coffee that taste like dirt scooped off the ground at a garbage dump, then this is the place for you."
Nikki,"Asheville, NC","Reviewed Aug. 25, 2023",1.0,"Starbucks near me just launched new fall foods and beverages yesterday. By noon yesterday they were out of all new items. The fall launch is huge and many people look forward to it all year. Maybe if you don’t have enough product to last even a couple of days, push back the launch until you do? I was so happy to get the email that it had come out that I left work on my break to brighten my day and so very disappointed to get there at 12:30pm and find out that it was all gone. Please Starbucks, do better."
Alex,"Reisterstown, MD","Reviewed Aug. 5, 2023",1.0,"I ordered online for the Reisterstown Rd, St Thomas SC 99000 and they gave me the wrong drink size so ordered a venti they gave me a grande. Just a bit upset that I paid over 5 bucks for a drink and got the wrong thing."
Sunny,"Zionville, Other","Reviewed Aug. 4, 2023",1.0,"Staff at the Smythe St. Superstore location in Fredericton, NB often seen tired but today, a woman named Senoa (Senora?) was morose, glum, uncommunicative (even after I tried to engage her to sympathize, as there was obviously a bad mood happening), scruffy looking, almost rude. And, the Americano I ordered tastes watery. I go to Starbucks for a treat after a long day. It a difficult experience, to ease stress and have a pleasant experience. I’m going to sell a different location after today’s grumpy girl."
Breggetta,"Long Beach, CA","Reviewed July 27, 2023",1.0,"I filed a BBB complaint last month because Starbucks canceled my Starbucks Reward cards. I couldn't remember the balances, so I guessed about $9. Starbucks played nothing but games and tried everything they could to avoid responding to the complaint. I received a couple of phone call messages asking me to contact them directly and discuss the matter. The number provided was the customer service number and when I spoke with one representative, Linda hung up the phone on me. I did not use my card since 2012 which is my prerogative. Because of this and other reasons, Starbucks decided to close my Starbucks account. I reopened one about a few weeks ago and added a new card that I have not used yet."
Shannon,"Westerville, OH","Reviewed July 21, 2023",2.0,"Every time I try to buy a Strawberry Refresher Starbucks never has strawberries to put into the drink. How is the drink called Strawberry Refresher and you guys never have any damn strawberries. It seems every time we go on the Starbucks to order a specialty drink you guys are constantly out of it. It’s like calling a pizza place, and they’re telling us they’re out of cheese. I don’t give you a partial payment so I don’t expect a partial drink."
Lucy,"Fontana, CA","Reviewed July 21, 2023",1.0,Insulted by customer service representative as I called to complain instead of acknowledge they have issues and they are providing low quality. She called me suspicious even though I spend at least average 15 dollars a day. Was so upset and I decided to close the account after being with them for more than 10 yrs. Company that doesn't appreciate feedback soon to fall especially that it lost its quality.
RAYMOND,"Kapolei, HI","Reviewed July 16, 2023",1.0,"I would give Starbucks zero stars if I could. I received an email that I would be receiving a birthday reward on the day of my birthday and it would be good on the day of my birthday only. The email also stated that the reward would be for any drink or food item. I went to an Starbucks near my home. The cashier told me my coupon had expired. I told her I don't have a coupon. Its a birthday reward. I ordered a sandwich. The cashier said I could only purchase a drink. I showed her the email. She said, let's try it and swiped my card. She said it didn't take so she asked if I wanted a drink. I told her to just give me a venti hot coffee. She swiped my card again and said it didn't work. Then she asked, ""Are you sure it's your birthday?"" I showed her the email that said in big letters, 7/15. I told her this is July 15 and this is my birthday. "
Thomas,"Absecon, NJ","Reviewed July 6, 2023",1.0,"On June 21, 2023 I purchased coffee and a breakfast sandwich for $8.10 at the Starbucks located at the Target store in Mays Landing, N.J. I was not given purchase credit and “star” points for the purchase even though the cashier there scanned my Starbucks app. I reported this to customer service the next day and was told to email them a copy of my credit card receipt to their customer service address, which I did. I have still not been given stars to my account or credit for this purchase. I have attempted to contact them on multiple occasions and they have not responded."
Felicia,"Atlanta, GA","Reviewed July 6, 2023",1.0,"My mother sent me a $15 gift card purchased from Walgreens in June. She came to visit me this past weekend and brought the Gift card receipts. I contacted Walgreens to replace the cards. I was told to contact the Merchant (Starbucks). I called Starbucks and spoke with a representative today, explained my problem. He asked for the card number. When I provided it, he transferred me to a different department that handles these issues. I got another representative. I told this representative why I was transferred over. She got silent and ended the call. It is like no one wants to handle issues or do their job. "
Sean,"Hamilton, Other","Reviewed June 28, 2023",1.0,"Was handed a coffee in a drive through. The lid was not on right and the top edge of the cup was bent. When I accepted the coffee and was going to place it in my cup holder, the cup bent, the lid fell off and the coffee spilled all over myself and my newly detailed interior. Not the way to start a day especially on the way to an appointment. Now $$ for coffee and detailing."
Charles,"Washington, DC","Reviewed June 11, 2023",1.0,I’m at 20th and L in DC. There are a dozen people here and only one employee to make drinks. Unacceptable. I have commitments to get to and I don’t have time to wait. It’s already been 20 minutes. I won’t come to this location again.
Miya,"Fairburn, GA","Reviewed June 3, 2023",1.0,I have been purchasing Starbucks a lot using my cash app card. I reached out to Starbucks customer service so they could add my purchases or receipts to my account for points. I emailed them and received an automated email back saying someone will reach out to me. No one has as of yet. I sent out another email and still didn't get any assistance. Starbucks is ignoring me about receiving help
Ann,"Coquitlam, Other","Reviewed May 30, 2023",1.0,"Starbucks Como Lake. Bad attitude of the cashier, demonstrative arrogance and didn't greet me, misspelled my name, then laughed at me with the staff. Orders are often confused, it is better to take a check in order to get the desired drink later. The order took a long time, one day we had to wait 30 minutes. Bad place."
Vicki,"Haltom City, TX","Reviewed May 22, 2023",1.0,"This past Sunday, 5/21/2023 we went through the drive in and bought 2 Double smoked breakfast sandwiches, expecting it to have back and Gruyere cheese and an egg. They did not. We got 2 buns pasted together with unidentifiable something. We were on the road somewhere or I would have turned around and returned them. I know their food comes pre packaged and only warmed at the store, so I fault the company for falsely selling food that does not meet the picture on display at the ordering kiosk. Just how many millions does Starbucks need to make on a daily basis? Their food is already overpriced. I mean, how much does 1 egg, 1 small slices of bacon and cheese cost?"
Shannon,"Phoenix, AZ","Reviewed May 15, 2023",1.0,I WAS OVERCHARGED FOR A VENTI BROWN SUGAR SHAKEN ESPRESSO. I looked at my paypal notification and there was 13.40$ taken from my account for the coffee drink. Very unhappy about it. I would like a refund of the total price. If not I will never buy another product from you guys. I go to Starbucks on the regular. I am just really sick and tired of being taken advantage of.
VD,"Davis, CA","Reviewed May 11, 2023",1.0,"I received a gift card on 4/20/2023 but not able to use it today, 5/11/2023. I believe no one should purchase Starbucks gift card anymore, because this is the 2nd time I was not able to use a Starbucks gift card...the first time was a thank-you card from the coordinator of our church's Foster the City program; all of us ""support friends"" helping out the foster families with various tasks received a card but it turned out we were all told not to use it because for reasons unbeknownst to him the cards were invalid. Sadly it happened—again...this time I received a card from a trusted friend and the same happened. I already texted her and let her know what had happened. I'm having a bad feeling Starbucks is having some kind of scam. I'm so appreciative of my friend’s kind heart and texted her about the card because I feel uncomfortable about what Starbucks is doing and personally I will not purchase Starbucks gift cards in the future, anymore."
Jennifer,"West Roxbury, MA","Reviewed April 30, 2023",1.0,"I spend about $30/day, is it asking too much to have a lid that does not fall off? I have contacted Starbucks customer service for months being told they are addressing the issue but nothing changes."
Mark,"Homosassa, FL","Reviewed April 28, 2023",1.0,During Covid their restrictions were over the top and still require staff to put cream and sugar in my coffee. Starbucks this is nonsense - no wonder you have 3 stars. Why should your customers wait for a cup of coffee as if I had ordered a frap. Dumb policy. Sell coffee not politics.
Chris,"Mesquite, TX","Reviewed April 20, 2023",1.0,"For me to come on here and leave a review for your store on town east (New store beside HS) y'all need to do better! Tell your employees to stay off their phones and put effort into doing their jobs or employ people that actually want to work! I waited patiently for my coffee as did everyone else but my frappe tasted like crap! I don't drink Starbucks very often and if I do I go to the one on military and never had an issue there whatsoever l! BUT TODAY, I happen to be in the town east area and decided to treat myself to a frappe! Unfortunately it tasted like crap, and seeing an employee on their phone after receiving my coffee irritated me cause if they put as much attention into doing their job as they do their phone it probably would get them more than one star!!"
Elizabeth,"Spring Valley, CA","Reviewed March 30, 2023",1.0,"Me and my Special needs son need to wait at a Starbucks for an Access Van. The store has only teeny tiny tables, where two people can not sit at, as the table is far too small. And round, so the tables can not be joined. The staff, told me Starbucks is making it extremely uncomfortable for a family to eat inside, and difficult for couples, people with special needs, basically everyone. The table is a little bigger than a stool. I was told the staff and many complained, though corporate office stated to them, Star Bucks is not a family friendly place, not a place for a group of people to meet. They said the corporate office said, despite the complaints, the tiny tables stay,"
Kemmis,"Toronto, Other","Reviewed March 29, 2023",1.0,"It has chemical odors and makes me gag. My friend dared me to have some and I barfed all over the store. They spelled my name wrong on purpose, my name is Kemmis but Starbucks spelled it as Chemist and I said, ""That's not my name, it's Kemmis."""
Eva,"Montreal, Other","Reviewed March 10, 2023",1.0,"Ok so, I already had in mind to stop going to Starbucks since it was costing me like 250$ a month. When I saw on Tiktok how unhealthy their drinks really are, I just knew I had slow down my intake. But today that was it for me. They told me that to have a free drink is no longer 150 stars - it’s now required to accumulate 200 Stars. No way, this is a sign from the Universe for me to really stop drinking their unhealthy drinks. They can go and require 1000 Stars for a free drink if they wish - I don’t care because, I really am not interested anymore."
Tiffany,"Silver Spring, MD","Reviewed March 3, 2023",1.0,I bought a Caramel macchiato last night on 03/02/2023 and there was particles of a white cleaning rag in my drink. Pretty much Starbucks isn’t doing anything which is awful and disgusting. I have lost my ambition to buy coffee from Starbucks forever after this experience and with their customer service.
Kseniia,"Old Bridge, NJ","Reviewed Feb. 22, 2023",1.0,"My account got blocked, I cannot log in and I have a substantial balance there. I have already spent hours on the phone with customer service trying to resolve this. The issue was even ""escalated"" to a senior rep. But after months of going back and forth and me bagging to return my money, Starbucks reps say that there's nothing they can do. They wouldn't issue me a card for the balance or credit me back on my credit card."
Nilly,"Pleasant Hill, CA","Reviewed Feb. 19, 2023",1.0,"All the money Starbucks makes not only are they ungrateful to their employees but what's the point of being a loyal ongoing cu6 when you have to pay more just to start using rewards, why would they change the amount you need to earn? It's bad enough all their Starbucks games you don't win anything big. It's like they are all rigged that way...Not to win."
Latasha,"Duffield, VA","Reviewed Feb. 9, 2023",3.0,"In my opinion, I can't believe Starbucks has now changed it to 200 stars for free handcrafted beverage!!! It was 150 so that means spend $150 and you get a free drink! Not anymore. The coffees are already outrageous as it is, they ask you tip now with new card reader which is super uncomfortable in the first place. May start going to 7 Brew, it's good, cheap and 5 minutes from them here in Kingsport."
William,"Las Vegas, NV","Reviewed Feb. 5, 2023",1.0,"On 01/23/2023 I purchased Starbucks beverage located in Las Vegas. Upon receiving the beverage (Caramel Macchiato), it was drowned in Caramel Sauce. Caramel was thrown in the cup and to top it off an excessive amount of Caramel was put on top. I requested the beverage to be made again. Upon departing property, I realized that the steaming wand was never wiped down. I returned home and contacted Starbucks via email to leave a complaint. I was contacted back and was informed that I would be receiving a full refund for the purchase. On 02/04/2023, I received the gift card through Mail. Looked to see how much was refund and showed, 10 cents. Due to the lack customer service, I will be taking my business elsewhere."
James,"Johnson City, TN","Reviewed Feb. 4, 2023",1.0,Got to Starbucks inside Food City before 6 pm. Asked for a large decaf. I was told they could only do a half caf. Very disappointed in their logistics function. A viable business should have its ordering of supplies rather optimized by the time they are a mature business.
vincent,"East Stroudsburg, PA","Reviewed Feb. 1, 2023",2.0,"I know a lot of people line up for this stuff but the coffee is not that good. I guess that's why they put in so many flavorings and sweeteners. If you like just coffee, try somewhere else. Many to choose from. I won't name them here. This is not an advertisement."
J,"Mission, TX","Reviewed Feb. 1, 2023",2.0,I have had enough of this companies deceitful ways. A 16oz Grande and 24 oz Vente both have 2 shots of espresso. All you are paying for is more milk which weakens the taste. Logically if a grande has 2 shots then a vente should have 3. The shots have already been reduced in size over the years. Secondly Tips are based on performance...to ask us to tip before we can even finish cashing out is no right. You are pressuring us to leave a tip before we even get our coffee. What if the service stinks? I think you should go back to using a tip jar that way if the service is good we can tip and if not we can leave. I am only one person but you have lost me as a customer and I will do whatever I can to spread the word.
Brenda,"Sloan, IA","Reviewed Jan. 30, 2023",1.0,They are ALWAYS out of stuff at Lakeport Commons in Sioux City!! So forger mobile ordering! Mobile ordering takes your money then when you get there told out of SOMETHING and you lost money. Never have the sauces you want. Out if Matcha for green tea for weeks! Out of ice coffee at least 2x week.
ANDRU,"Rocky Mount, NC","Reviewed Jan. 1, 2023",2.0,I had purchased a drink on my app at an airport. I went to pick it up and they said they could not make my drink because the blender was broken down and could not refund my money. I asked them how I would get my money back. They said there's a phone number on the app and the phone number goes to the store and I've called the store nine times and no one will answer. I send an email to Starbucks Corporation 2 weeks ago and have heard nothing. I will no longer visit or you Starbucks..
Marlene,"Oshawa, Other","Reviewed Dec. 29, 2022",1.0,"They wonder why they have to shut down locations. This company should be called makeothercoffeecompaniesbucks because they don't care in helping people out who can't get into their mobile accounts. Second time this year I get locked out of my account and no matter what I do I can't get in and then when you call customer service they can't speak/understand English and say they fixed the problem when nothing gets fixed, then someone tells you someone will call you and nobody does. I'm done with this company. Thanks for saving me hundreds a month!!!"
Paul,"Portland, OR","Reviewed Dec. 13, 2022",1.0,"Yet another person with a Horrible Experience at a Starbucks... Specifically, the Starbucks at Johnson Creek Crossing in Portland, Oregon. I was trying to give my order at the drive-thru, but apparently the person who was taking it couldn't hear me very well. A short, decaf vanilla mocha non-fat no-whip. Still, she had every thing right but the vanilla, so when she asked me if it was right, I said ""Everything but the vanilla."" She said she was having trouble hearing me, so I said loudly ""Va-nil-la!"" She said she was still having trouble hearing me, and for some unknown reason changed the drink to a grande vanilla latte, so I said loudly ""Moch-a!"" and then asked her why she changed the drink/size? She said she more about not being able to hear me, so in a very loud voice I said ""SHORT... DECAF... VANILLA... MOCHA.. NONFAT... NO WHIP"" At which point she said I was treating her badly and refused to take my order. "
Trenton,"Newnan, GA","Reviewed Nov. 29, 2022",1.0,"So I went to Starbucks at the Kroger on lower Fayetteville and there was this old man serving coffee there so I went up to there and asked for a tall Americano and he asked my name and I said it but he said he didn't hear me so I said it louder. So when I got my drink, I was just sipping it until I looked at the receipt on my cup, it said Trenae, worst service ever!!"
Ryan,"Santa Rosa, CA","Reviewed Nov. 29, 2022",1.0,"I cannot believe Starbucks closed off all of the outlets in their stores around me. I would visit SB solo and with clients at least 6-8 times per month. Spending real money. One of my favorite past times has been catching up on emails while enjoying coffee and food. Now, I cannot come back knowing that I can’t be productive while there. Ya just lost a LOYAL customer for almost 20 years. Wow. Just wow."
Ian,"Beverly Hills, CA","Reviewed Nov. 17, 2022",1.0,"Starbucks had an ad on Veterans Day for complimentary coffee for Vets. I go to Starbucks at least once a day and my Sherman Oaks location didn’t know about it. I called corporate, who confirmed it was a fake ad. I asked my San Diego Marines about it, and they advised Starbucks was honoring it. I went online to contact Starbucks, and they said they’d look into it, call me back, and even looked on my account and said they would gift me $10. ALL WAS A LIE. I was never contacted, didn’t receive the $10 (unimportant), and reached out this morning and was hung up on. Starbucks has lost a loyal life long customer. I will also tell every veteran I know that Starbucks does not honor service members and they have no integrity. Disappointing!!!"
john,"Hasbrouck Heights, NJ","Reviewed Nov. 17, 2022",1.0,Starbucks offers reusable holiday cups when purchasing a holiday beverage. They refused a diabetic an unsweetened beverage because it was not one of their “holiday” beverages. One would think they could have been more accommodating.
B,"Franklin, NC","Reviewed Nov. 11, 2022",1.0,"Refused a free coffee to me and other veterans in Franklin, NC on Veterans Day as offered on Starbucks' national website and offered in newspapers statewide. As a long time customer of Starbucks, I am no longer a customer."
Diana,"Green Bay, WI","Reviewed Nov. 10, 2022",1.0,So mad. I go to the Green Bay Starbucks here which a lot of the time I get great service and it is a good place to go but when I get a cold drink a lot of the time the lid does not stay on at all. I have so many instances where I grab the cup and it falls off. Well today I ordered a Green Tea and then I was drinking it in my living room and the lid completely came off and fell out of my hands and now it is all over the floor and into my carpet. Not ordering there again until this is fixed. It is a 5 dollar drink and I should be able to drink it and not have it all over the floor because of an issue on their end.
Ariane,"Bristol, NH","Reviewed Nov. 6, 2022",1.0,I did a Mobile order and it gave a time of 11:35am.... I went to pick up at 1134am.... I waited 45 minutes until I went up to the register and got a refund. My problem was the Manager on duty.... She told customers to stop bothering the employees and they could get orders out. As a retail worker that is unacceptable to say to your consumers. That does not react return business. That's a foul attitude. I will never visit the tilton Starbucks ever again. They are unprofessional and rude.
Kimberly,"Springdale, AR","Reviewed Nov. 6, 2022",2.0,"I love the Starbucks on Sunset! The new one on Elms Springs isn't quite there yet! Friendly which is amazing, just they don't quite have it down yet! My daughter and I went there yesterday and it was watery and not as nearly wonderful! So we will go the extra miles to go to the one that knows what they are doing! Our money is just as important as your money!"
Susanne,"Encinitas, CA","Reviewed Oct. 29, 2022",1.0,"I've recently realized how difficult it is to find a Starbucks that has electrical outlets available to customers for charging laptops and cellphones. At first I thought, oh this particular store just never installed them. However, that's not the case. They have purposefully removed them in order to save electricity, a slap in the face to us loyal customers who spend gobs of money on their overpriced drink and food already. I always figured, well it makes sense, I'll pay the extra price for the opportunity to enjoy hanging around using WiFi and tapping some power, but they've gone too far now. Uh uh, you guys are not right! I still appreciate free ice cold water and whipped cream for my dog, but in the back of my mind lurks the knowledge that they have given and taketh away. I've banned you from my go to restaurants list, in fact I might never step into a Starbucks ever again! That was a shameful thing you guys did!"
Gina,"Whoville, AR","Reviewed Oct. 26, 2022",1.0,"Miserable customer service, executive department and website/apps. We have a Starbucks account where our payment method is linked to our account so we may earn stars for rewards. The Starbucks Cafe we go to is in a Market32/Price Chopper grocery store. Previously, every now and then purchase history shows with the $ amount, but no stars, shows as 0.0 earned. Then this started happening on a frequent basis. Called customer service, most speak English with a very broken accent. Explained the issue. "
Kenneth,"Minneapolis, MN","Reviewed Oct. 21, 2022",2.0,Very stale egg product in sandwich. Unusually weak coffee. Unlike most Starbucks. Very crowded store. Staff overwhelmed. Go to Caribou coffee instead. They need to test their products for freshness on a daily basis.
Marmar,"North Vancouver, Other","Reviewed Oct. 13, 2022",1.0,"I frequent this particular Starbucks about 5 times a week. This is the Edgemont Branch location. My usual drink is grande in venti cup, extra milk. Most of the employees know my face and some know my name as I go there quite often. Today I went to get my usual drink. I know exactly how much coffee and how much milk goes into the cup. The coffee level is at the edge of the circle on the cup. So when I saw the amount of coffee was less than usual and had too much room, I pointed it to the employee. She then proceeded to go to the back to talk to someone else, then came back with a measured cup and said we can't do that and talked to me in a way that really ruined the experience for me as she was making a fuss over nothing. "
Nildee,"Cocoa, FL","Reviewed Oct. 10, 2022",1.0,"While on vacation, we stopped at this Starbucks on 3388 Poplar Ave. in Memphis Tennessee to use the restroom. By the sink of the women's restroom, there were roaches half dead. In addition to the filthy restroom, everything else inside smelled damp, like old, used towels. You could also not wash your hands with soap because there was no dispenser. There was only one other restroom available which was out of service. Will have to keep my options and eyes open from now on."
Lloyd,"Fort Worth, TX","Reviewed Oct. 8, 2022",1.0,Company continues to raise prices when they have been generating revenue for years. They don't pay or take care of their employees well at all and they continue to lay off employees. Will never get my business.
Lauren,"Wadsworth, OH","Reviewed Oct. 8, 2022",1.0,"The website says that the store closes at 9:30 pm. My brother and I get to the drive through only to sit there for five minutes watching an employee walk around outside, only to go back inside to tell us they closed and refused to serve us. Starbucks will no longer be getting my money."
Aryelle,"Chester, VA","Reviewed Sept. 29, 2022",1.0,"I went to Starbucks and asked for a vanilla and and the Barista gave me what was left in the blender, I asked for a new one and the Barista charged me Double for it. DO NOT GO TO 12501 Jefferson Davis Highway Bermuda Square, Chester, VA 23831."
Roy,"Morristown, TN","Reviewed Sept. 23, 2022",1.0,"I used to spend over $100 a month in Starbucks coffee and do the receipt upload for stars as part of the loyalty rewards on top of buying several drinks from the on site barista when I was near one as I am not local to any. Then Starbucks stopped the receipt upload for stars, so now I am boycotting Starbucks due to receipt upload ending and now buying from Black Rifle Coffee. Over the years Starbucks keeps chopping away at the loyalty star program. In the past you got way more star benefits but now it's super skimpy."
Elizabeth,"Columbus, IN","Reviewed Sept. 23, 2022",3.0,I am continually disappointed when going to Starbucks. I am not sure they are reading the room… so to speak. The cost Continues to go up… as all things. But there should be a level of competing with the competitor. In our town we have 2 new Dunkin Donuts and they are less expensive. No am sure they are pulling customers. It also seems they are shorting the cups. Do not seem to be full on the craft drinks. Service has been much better than Last year. Have been a consumer for a Long time. Just seem it’s time to feed the customer more obviously than points.
Wendy,"Wentzville, MO","Reviewed Aug. 27, 2022",1.0,"2) Starbucks has continuously cut their rewards program over the past few years. Now, you have to ‘activate’ double star days. They know the more trouble they put people through, the less people will get the benefit."
Bertha,"Duluth, GA","Reviewed Aug. 7, 2022",1.0,"Purchased one cup of coffee and was charged 3 times for 1 cup so I am owed a credit to my debit card, however I was told after calling the 800 number that they will not be able to give me credit and the store will not likely give me a credit because it has been over 48hours. I suppose I should have assumed that they were going to rip me off with this triple charge and check my account and since I did not do that they decided to keep my money or offer me a card so that I lose my choice of where I spend the money that they stole. Such poor business ethics."
Christopher,"Lake Elsinore, CA","Reviewed Aug. 1, 2022",1.0,"Ok I know how the staff at Starbucks at 23811 Washington Ave, Murrieta, CA · (951) 461-1699 the service has to be one of the worst I have ever been to. I started going to this one over 2 months ago and they still don't know my drink. Now it is very difficult. It's any hot coffee with 10 sugars stirred in then extra cream 1/2-1/2. Now if that's too hard to get how the hell did they get a job. I have been to Starbucks all over and in less than 3 days they know my drink but not here where 2 months ain't enough to understand something so simple and yes I go in every day."
Sharon,"Culpeper, VA","Reviewed July 18, 2022",2.0,No Review Text
Lukas,"Prescott, AZ","Reviewed July 16, 2022",5.0,"A Place to Be. The space I chose was Starbucks. Never in my life would I have imagined that I would be interested in writing a paper about this. I am currently traveling and it has been a place that I have been frequently visiting to sit down and take care of my studies. I am an avid coffee drinker also and love to sip on a beverage and take care of what I need to take care of. It is peaceful, although sometimes chaotic. I enjoy being able to sit down and do my work. I believe it is a great place for students like myself to sit down and be productive."
David,"Chicago, IL","Reviewed July 13, 2022",3.0,"I walk to the Starbucks near my house every other day and get the same drink every day, chai tea latte. The service is usually great and I don't have to wait that long at all. The employees are friendly and kind. This goes for other locations that I visit. Unfortunately, the quality of Starbucks products has significantly declined and the prices have skyrocketed but that is understandable given the current economy. Every time I get a chai tea latte, it either tastes like water or nothing but milk, and on top of that, I am paying a premium for the venti size."
Pamela,"Crystal Falls, MI","Reviewed July 9, 2022",1.0,45 minutes in line with the employees constantly disappearing to the back and a line down the terminal. I never got to the counter to order and I was an hour and a half early for my flight. Get some employees who actually work so I can review the product and the service.
Brooklyn,"Longwood, FL","Reviewed June 27, 2022",2.0,"I went to Starbucks today expecting to get what I wanted. I ordered a grande dragon fruit refresher with lemonade and a cheese pastry. THIS LADY WHO WORKS THERE CHARGES ME 11 DOLLARS. The pastry was about 4 dollars in all and on top that she didn’t even get me a grande. She got me A SMALL. So I paid way more than what it was worth. Anddd she didn’t give me receipt so that I couldn't sue her because if I had one I would for sure. This freaking lady had the audacity to rob me of my money and I’ll never forget that and the cheese pastry I got WAS CREAM CHEESE not just “cheese” like it said. I didn’t want cream cheese, I wanted regular cheese. Omg is that literally too much to ask for. So ya Starbucks sucks. Never go there."
IAm,"Lithonia, GA","Reviewed June 25, 2022",1.0,I almost drunk a glass that was in my caramel crunch frappuccino... This is the most uncomfortable experience I have ever had at a Starbucks coffee and caramel frappuccino crunch is one of my favorite coffee is and I get it all the time to have glass in my coffee and almost swallowing it was the most Dreadful bad experience I ever had. If I would have swallow it lords nows the damage it would have done. (STARBUCKS STORE) LOCATION 2106 EAST VICTORY DRIVE SAVANAH GA. STORE NUMBER #14467. ** Case Number
Julie,"Houston, TX","Reviewed June 17, 2022",1.0,"The Starbucks coffee drinks cost a good deal of money. So when I pay for a coffee drink. I expect to get coffee, not a milkshake. But there are milkshakes hidden in the Frappuccino menu. If it is for kids. It should be labeled ""kids drinks"" or ""milkshakes."" That is just really disappointing. I ordered a Strawberry Creme Frappuccino, thinking that it was like the Strawberry funnel Cake Frappuccino, which was really good and had coffee in it. But they stopped selling that and instead there was just this disappointing strawberry milkshake that I ended up with. "
Aaron,"Minneapolis, MN","Reviewed June 15, 2022",1.0,"I am 58 years old, crashed my motorbike on a plastic Starbucks sign that was in the street and was injured and my motorbike was totaled. I contacted Starbucks and they promised me they would take care of it and agreed verbally on an amount that they would pay me. I agreed not to file a lawsuit if they would do the right thing and I have given them over a year to take care of this. They have not kept their word at all, completely dishonest and untrustworthy and never tell the truth. Who would ever want to drink their coffee of a company so dishonest and untrustworthy."
Billy,"Seattle, WA","Reviewed June 13, 2022",1.0,"I have been a loyal customer for 10+ yrs...however, I've won multiple prizes on the most recent Starbucks app game but the prizes don't get delivered to my account. Customer service didn't know how to help. I've spent money to play the game trying to win prizes but never see the prizes that I've already won. FRAUD!!! Don't fall for it screenshots don't help either. It needs the reward to be displayed as in barcode scan. I'm not spending in Starbucks anymore. Its brand of integrity is very poor."
Ivan,"Costa Mesa, CA","Reviewed May 31, 2022",4.0,"Most Starbucks charge $2.95 for grande Pike Place coffee, but one store in Huntington Beach CA (Brookhurst & Hamilton) charges $3.25 for same grande. Lovely place, great staff, but price a bit of a turn off…"
Samantha,"Jackson, MS","Reviewed May 31, 2022",1.0,"I visited the Starbucks in Flowood, Mississippi on May 29, 2022, and the young man gave me the very hot tea with the top off and it went everywhere. My thigh was on fire and when I asked for napkins he just looked at me. I gave him the tea back and asked for the manager. Mr. Cody came to the window and when I told him what happened he said ""really"" with a smirk on his face. I was like, ""Yes"" then he went on to say, ""Oh,"" but the smirk was still on his face. He was questioning the fact of if I really got burned. When I asked for my money back he got an attitude. He refuse to tell me the general manager's name or number."
J,"Englewood, CO","Reviewed May 30, 2022",5.0,"I have been going to this store regularly for years. The last year has been almost daily. It is a very busy store but they move us through quickly. It seems like the employees all get along and do their jobs efficiently and curiously. One day a slight mistake was made and could have been my error due to the fact I usually have a large order, but a very nice young lady Stephanie took care of it, with a smile. If I need coffee I will wait to drive to this store. The manager Elaina is always working with a smile. Maybe that is why her employees treat us all that way. These days it is hard to find good customer service but to find exceptional service is even better. Thank you to Stephanie and the whole crew. Great job Elaina."
Jacqueline,"Oxenford, Other","Reviewed May 24, 2022",1.0,"I stopped in at Starbucks at Coomera and they had a line of about 15 cars waiting, they served all the cars in drive through before making the coffees of any of the customers who had actually come into the store. They charge 90c to add syrup to your coffee which you don’t actually receive and is a far higher charge than similar coffee chains. The coffee was hot but tasted awful."
RC,"Toronto, Canada, Other","Reviewed May 3, 2022",1.0,"Starbucks is supposed to be a quality brand and we love Starbucks coffee. Recently their centres have started cutting cost by not providing paper bags when we purchase a product from Starbucks. We regularly buy coffee beans worth $20 from Starbucks and when we ask for a bag they have started providing excuses like ""We have run out of bags."" Their products are so expensive but they cannot provide a paper bag to even carry the purchased product. In USA, WEGMANS store provides huge strong paper bags for even the smallest purchase made. Sad to see the way cost cutting is taking a toll on customer experience."
Paul,"Ephrata, PA","Reviewed April 15, 2022",1.0,"It costs over $20 for 3 small breakfast sandwiches!! These should be $2-$3 a piece like every where else. And the greeting from the server was rude. A simple, “What do want“ is not a greeting! Too expensive and poor service!!! I won’t go back there!!"
EADream,"Garland, TX","Reviewed April 6, 2022",5.0,"The first time after years I felt the “welcome to Starbucks” greeting at this place & I said in my heart “well Mr. first CEO returned with his principles”. I read his books, but for the many Starbucks doors I entered in the founder’s story in the book & the practice at most Starbucks were totally different. I’m very excited to experience as the book stories. Keep the warm tradition. Get going!!!"
Elle,"Laguna, Other","Reviewed April 5, 2022",5.0,"Good service, the employees are good at both English and Tagalog. Fast service and the environment are really clean and tidy. And I also appreciate the fact that they use paper straws to support the environment. 5 stars :>"
Tasha,"Oklahoma City, OK","Reviewed April 5, 2022",1.0,"I came back to Oklahoma City due to a business meeting and to visit my family. While visiting a Starbucks location in Oklahoma City, OK at 200 S Oklahoma City, OK 73104, I was threatened verbally as well as physically by an employee. I am a long-time daily customer of Starbucks. I would say I visit a location at least 335 days out of 365 per year. On the morning of April 5th, 2022, I went in to purchase my usual daily cup of coffee. I decided to purchase a protein box and a cheese and fruit box as well. While waiting in a fairly long line I arrived at the counter in which I were greeted by a young lady named **. My order was placed for a venti sized blonde roast of brewed coffee, including eight packages of agave, sugar free vanilla, cream and the two boxes discussed above."
Phil,"Charlotte, NC","Reviewed March 1, 2022",1.0,"How can people drink the awfully burnt tasting coffee from Starbucks. Overpriced poor tasting. Better to go to Dunkin. Starbucks uses cheaply source beans and roasts them to death. Not only burn the beans, also burn the essential oils."
Angeline,"Philadelphia, PA","Reviewed Feb. 23, 2022",1.0,I ordered 2 mint Frappuccino and it was not frozen. I returned to the facility and an Asian guy looked very upset. He redone my drinks and he still could not make it correct. He forgot to add the chocolate syrup and was told and he snatched it off the counter with attitude! And he added cookie crumbs not the syrup. He made me feel very uncomfortable! On top of that I tried it and it was not good. I do not recommend this location at Washington Square. If you see this guy do not let him make your drink!
Edwin,"Toa Alta, Other","Reviewed Feb. 12, 2022",1.0,"Good morning, in case it happened I just bought a tea here in this new Golden place out of Toa Baja, when young Gregorio goes, to collect before saying amount to collect tells me, ""Hi you are going to tip"" and I comment no, he comes back and comments and I repeat, not then he tells me the total, I give him money and seeing when they give him the tea that he has to give me, I realize that all the employees approach him, they stopped to talk to everyone, two of the girls start dancing. They went to work with other orders leaving the glass that I had to deliver to the front of the window, realizing, like any adult, that these young men or Gregorio made me wait when the order was ready, normally when it is by servi car we leave the change or leave extra. All this so that you do not leave a tip IN A SERVI CARRO. I am embarrassed that a good new business has employees like these, who with their actions seem to force the client to tip. 11:40 am. Starbucks."
Robin,"Raleigh, NC","Reviewed Feb. 8, 2022",2.0,"I went through the drive thru at the Starbucks on Capital. I ordered a Grande nonfat mocha. She gave me a Venti.. With surprise I asked, is this my coffee? I ordered a Grande and she said, ""We are out of Grande cups."" I said, ""Oh, I understand."" I paid and left. I drank my coffee, it was good as always. However, I went to throw it away, when I saw it was doubled with another cup. It was a TALL! I paid for a Grande! I just got ripped off at a good yet expensive coffee shop. This is the first time this has happened to me at a Starbucks. I have always known them to take pride in company. Oh well... Guess it happens to everyone. Warning= BE CAREFUL. Look at your drink carefully. I will from now on."
Fazlin,"Bukit Antarabangsa, Ampang, Other","Reviewed Feb. 5, 2022",1.0,"There were 6 barristers or helper at the counter at one time but the services was so poor. Not efficient, slow, not service oriented, no team work and they were not supporting each other. At the end, services to customers were affected."
Lucy,"Lasalle, Other","Reviewed Feb. 3, 2022",5.0,"The Starbucks on Newman, Lasalle, Quebec has the best customer service anywhere. I go by there every other day before noon to get a coffee or a sandwich and the person at the window is such a delight to deal with along with all other employees. They are friendly, helpful and always have a great attitude. Hats off to them."
Denise,"Mckinney, TX","Reviewed Jan. 20, 2022",5.0,"I would like to give a huge shoutout to the Starbucks employees at the Kroger location in Plano, Tx. at Coit and Hwy 121. All of their employees are super friendly, efficient and always remember my drink combo. Me and my husband have been going to that Starbucks for six years now and we love our Baristas. Most days, there is only one Barista tending to the store but they are always efficient and seem to do an amazing job single handedly. I would like to give a special shoutout to Michelle, she always greets me with a smile and a funny story, which makes my day amazing. Thank you Michelle for always being my ray of sunshine first thing in the morning."
Patrick,"Savannah, GA","Reviewed Jan. 18, 2022",1.0,"When employees along with management are having side bars about a customer and the customer knows that they are talking about them because it was very obvious, it is very rude and very unprofessional."
Brenda,"Scappoose, OR","Reviewed Jan. 11, 2022",3.0,"The location where I go the employees are great and they always seems to make my drink right so no complaints there. The complaint is just the price increase, at this time it is unnecessary since you can not distribute the products and keep single locations in stock ever. It is a toss up if what you want will be available that day or not. You can get product off line and make it for way cheaper at home. With the break down you can make a Frappuccino that taste similar for $3.60 with top ingredients from home where when you go to Starbucks the same thing would cost around $7 to $7.25. Starbucks was an everyday thing for me and my family now I am making my own at home and I order from Starbucks maybe 1 time a week and even that will be slowing down."
John,"Herculaneum, MO","Reviewed Jan. 9, 2022",2.0,"This Starbucks at the Festus location has terribly slow service… Also, the location is terrible. To get in and out of the drive-through you have to navigate through traffic in their small parking lot. Just for your information, there is a Dunkin Donuts across the highway that you may want to try."
Abhinav,"Abu Dhabi, Other","Reviewed Jan. 8, 2022",5.0,"Had a wonderful Christmas. Such an amazing experience this time at Starbucks. Mesmerizing taste and hospitality at its core. Delicious caramel frappe, turkey and cheese pretzel sandwich yet chasing my taste buds. The Starbucks downstreet had a really tranquil environment and great for having a hot coffee on a cold winter day. I love the sparkling bottled water and the painting on the walls which give me a feel of satisfaction. A relaxed and comforting environment to provide on a happy day. It's a great place to spend some time with friends, family and converse. Thanks for the experience Team Starbucks. It was 100% hostile and welcoming. Wish to see you soon."
David,"Toronto, Other","Reviewed Jan. 7, 2022",1.0,"6 pm January 6, 2022. Pulled my mask down to sip my coffee while waiting on another order. Tone and ferocity in which I was told to pull up my mask was uncalled for. When I complied and protested the tone, employee burst out laughing."
Uday,"Orlando, FL","Reviewed Jan. 6, 2022",1.0,"This Starbucks store ID is 57243, Student union 2nd floor, UCF. The staff are extremely rude. They won't fulfill the order properly. If we ask why they didn't fulfill them properly then they tell that this is a way of telling a customer to not to come to their store. They show extreme discrimination and rude behavior."
Erica,"Plainfield, IN","Reviewed Dec. 28, 2021",1.0,"I'm not even sure what the point of loading my Starbucks card was. They are never open anymore. I have 4 stores that are my usual and they are complete crap, never open! I want a refund and switching to a different company that actually is open for business. Crappy service when they are open too. Just a waste of time and energy. Get it together!!!"
Julia,"Provo, UT","Reviewed Dec. 28, 2021",1.0,"In January, 2021, I ordered the Egg White Egg Bites, and bit down on two toenails in my food. I immediately contacted the Provo Starbucks, where I bought them, and they apologized and gave me my money back, which was nice, but not enough. I was sick for two days afterward, which makes me wonder what other surprise ingredients were in it, and completely disgusted with Starbucks ever since. I'm really sad. I LOVED the egg white egg bites, and Starbucks has been my go-to cafe for years."
Savaa,"Trenton, NJ","Reviewed Dec. 25, 2021",1.0,I got a Starbucks gift card and ordered a coffee which was 6 dollars. One of the same size at Dunkin is 3.50. I expected with the expensive price tag to have top of the line coffee. What I got was watery coffee that tasted stale. Waited a bit to give it a second chance. Big mistake. Tasted just as bad as it did the first time. Nope! I’m gonna stay a Dunkin girl and nothing else.
Izzy,"Louisville, KY","Reviewed Dec. 22, 2021",5.0,Incredible experience every time. Thankful for water and sorry for inconvenience. This is truly a great customer service staff. I am more than grateful. I will be trying to do better in regards to recycling. Thank you Starbucks team 100%.
Spiros,"Allentown, PA","Reviewed Nov. 30, 2021",1.0,"Despite customer traffic being slow, I had to wait a prolonged period of time to order a fast food Starbucks cookie bar. As I waiting to order a fast food Starbucks snack, the cashier was harassing me and purposely making me wait for a prolonged period of time when it wasn't busy. I have been to this location on a variety of locations and have never experienced such immature service. I ordered a gingerbread biscotti. It occurred on the date of 11/30/2021 at 9:28 am."
Ayako,"Denver, CO","Reviewed Nov. 28, 2021",1.0,"Corporate here in Denver Colorado HONESTLY DO NOT care about their loyal patrons. On November 25, 2021 I went to the Hampden and Locust location did a mobile order. When I got there, the store didn’t open until 5am. I requested for a refund, and I was advised only the customer service can credit my account. I sent snapshots of my order. The Starbucks Rewards claimed that wasn’t a valid receipt (snapshots came from their mobile app). If it wasn’t a valid receipt, why didn’t they check it out since they are able to go and look at our previous orders. They have looked at my previous orders many times where I did get my rewards/stars. Of course they could BE LAZY, or DON’T GIVE A CARE, or both."
Karen,"Sparks, NV","Reviewed Nov. 27, 2021",1.0,Starbucks is taking advantage of their devoted customers and great employees. Prices roll out higher and higher every couple of months. Starbucks keeps taking customers money but will not pay their employees well. No more Starbucks for me. Price went up three times within a year and that was for an iced coffee with light cream only.
Donald,"Orlando, FL","Reviewed Nov. 22, 2021",1.0,No Review Text
Steven,"Essex, MD","Reviewed Nov. 18, 2021",1.0,Asked staff question. Was very rude and snappy. Same with other customers...acted like they were doing us a favor being there...puts a very poor image of your company. Last time I will go to this location.
D.,"Scottsdale, AZ","Reviewed Nov. 9, 2021",1.0,"So very disappointed with Starbucks. How is it possible to sell signature holiday drinks without the required ingredients? Their excuse for not having the supplies is getting tired. I heard these same excuses during the summer. I'd rather make my coffee from home. Plus, Starbucks has now increased their prices."
Ronald,"Sewell, NJ","Reviewed Oct. 30, 2021",1.0,"Out of stock SEVERAL ITEMS -- drive thru lines long and slow. OATMEAL, SEVERAL TEAS, DOUBLE SMOKED BACON. LINES ARE AROUND THE BLOCK AND SERVICING IS VERY SLOW. At times servers are rude and do not add all requested items."
Ayako,"Denver, CO","Reviewed Oct. 27, 2021",1.0,"If I could only give the corporate office “0” stars I would. Whenever I would send them a request for my stats or/and a qualified purchase, I would get it. During the time of this post, I did purchase a grande iced caramel macchiato which is a qualified macchiato purchase. I sent them my receipt where I did get my stars. BUT (a big but), they claim this isn’t a qualifying purchase. I did purchase a hot caramel macchiato earlier in the day. But I accidentally threw the receipt away (my fault).  "
Mario,"Yorba Linda, CA","Reviewed Oct. 18, 2021",1.0,"This is the first time I go to this store located in Bristol and 17th St in Santa Ana, California. The staff was rude, not a smile, very short. It is pretty evident that they were not trained for customer service. The floor was very filthy. It looked like it wasn´t cleaned in several days. It was dirty and coffee stains everywhere. We had to clean our table because it was dirty like the rest of the tables. My wife went to the restroom. She had to do her business standing up because it was so dirty that she didn´t dare to sit on the toilet. I will never go back to this store and maybe to Starbucks."
Johnna,"Sanford, ME","Reviewed Oct. 16, 2021",1.0,"I know the world's so crazy although all these big chains that people flock to. Starbucks has no customer service, maybe no training idk?! I do know the coffee was horrible, not what ordered & super expensive! The worst part was my dog Chloe was diagnosed with bladder cancer last year & been wanting to take her to get a puppuccino, heard so many good thinking, yea it's a dog treat made with dogs in mind, great ingredients. Right, wow so wrong, a little plastic cup filled with canned whip cream! Really Starbucks! Nothing else to say except Starbucks suck bottom line! Why is it when companies become successful their quality goes way down and price way up!"
Mary Beth,"Weskan, KS","Reviewed Oct. 16, 2021",1.0,"I ordered regular coffee and asked for cream. They charged an extra $.70 for the cream. The coffee was very hot, and I was about 30 miles away before I took a drink, and then realized that they had not put in the cream. Charging $.70 for cream is a rip-off; failing to give me what I paid for is theft."
Val,"Toronto, ON","Reviewed Sept. 28, 2021",1.0,"On Sept. 28, 2021, around 2:00 pm: Starbucks at Sherway Gardens in Toronto, Ontario. Place itself is dirty: spilled coffee on the tables, napkins under the tables. Personnel is rude - when asked to clean up the tables, in return asked to show proof of vaccination; after seeing it, still didn't clean up table. Couldn't imagine such poor service even a couple years ago. Coffee, by the way, a bit cold and tastes watered."
Miera,"Navi Mumbai, Other","Reviewed Sept. 20, 2021",1.0,The cookie my daughter was eating got a hair coming out of it; absolutely ridiculous. Not recommending this at all. Can’t be trusted after paying 280 for one cookie; who can trust a brand this big and claims safety but can’t even be careful with such mistakes in COVID times.
kateryna,"Lawrenceville, GA","Reviewed Sept. 13, 2021",1.0,"I want to share my tragically experience, on Sept 11/2021, I order coffee through drive through and when I reach through the window, she hand me the coffee which after I grab it, open from the lid falling on my hand and arm burning it, and felt all over my car door. Immediately I request speaking to the manager expecting he will instruct me to go to the Dr. and follow a report. Instead he approach with a little piece of paper and told me to write my name and phone number and someone will contact me. They contacted me 2 days later to offer me a $25.00 gift card, and told me that was my fault since the coffee was on my hand, which I told her to keep it, since I will never buy anything from them due to my bad experience."
JP,"Toronto, Ontario, Other","Reviewed Sept. 12, 2021",5.0,I am thanking for their staff for their support of me. I am grateful to their customers and my great coffee each morning. Thanks again for your support and for your polite manners. I can appreciate the hard work done at the Yonge and Holly Street. JP
Giu,"Toronto, ON","Reviewed Sept. 7, 2021",1.0,Coffee tastes like poison. Bakery is inedible. Starbucks in Dundas Ontario. Are there any Food Control organizations to check up what Starbucks food and drinks made of? I got pain in the liver area though my liver never gives me any problem.
Wendy,"Alexandria, VA","Reviewed Sept. 6, 2021",1.0,"Went to the Starbucks in Newport News' Tech Center (VA) and had the worst customer service by the rudest manager and employee. The manager is lazy and the subordinate co-signs her foolishness. Neither of them would walk 10 feet to let me know which item was mine after they put it with the walk up orders without a name (my name was not taken) and then kept yelling for me to ""get it from down there"" after I asked ""Which one is mine?"" This exchange went back and forth before the subordinate finally walked all the way to the area to figure out which one was mine - after I asked if they just wanted me to pick up whichever one I felt like taking. Rude. Lazy. Ridiculous. If this post doesn't make sense it's because the entire experience did not make sense. At all."
terri,"Apopka, FL","Reviewed Aug. 26, 2021",3.0,Have been frequenting Starbucks for 30 years. Have liked most of their drinks. Their new iced apple macchiato is something I would not order again. Normally I love apple anything but disliked the flavor of this and didn’t finish… very disappointing.
Kimmy,"Paterson, NJ","Reviewed Aug. 8, 2021",5.0,"I work in the Jersey Gardens mall, this Starbucks ​open when the entire mall opens. I never been to a Starbucks that doesn’t open early. They also don’t do order pick up, so not only can I not get my items before going into my job, when they open I have to wait on that long line with all the workers who's been waiting for them to open and the million of other people who is shopping. Then not only that they never have anything. They are always sold out. It’s horrible."
Tameka,"Pitcairn, PA","Reviewed Aug. 2, 2021",2.0,"I go there every morning and the customer service is excellent. But they screw up my drink order every single time. For the prices I expect my order to be right. However, there is always something missing from my drink."
Karen,"Cocoa Beach, FL","Reviewed Aug. 1, 2021",1.0,Order Venti (largest) coffee and get 1/2 a cup. Ordered bagel and looks worse than 5 day old - NOT toasted at all. NOT even warm. Always leave a generous tip and get horrible service. Do NOT go to the Starbucks on 520 at A1A. It's TERRIBLE!!!!
Shanda,"Abilene, TX","Reviewed July 14, 2021",1.0,"I have family members who are police officers so...yeah there's that. You don't have any sugar free options in fraps, and your paper straws get soggy in seconds. I'm done overpaying just to sip through soggy paper straws. Starbucks treatment of police officers, their sugar free options, and their straws SUCK!"
Jamika,"Greensboro, NC","Reviewed July 1, 2021",1.0,I noticed when I ordered a medium it was really a small. With all that's going on why would you shrink the size of your cups!!! McDonald's is doing the same! This is not good. Starbucks brings way too much money in to cheat your customers on cup size gouging.
M,"Cottage Grove, MN","Reviewed June 10, 2021",5.0,"I have been to many Starbucks locations in several cities and states over the years. I want to take a moment to acknowledge Natatia at the Cottage Grove MN location. Natatia always has a very positive attitude and I look forward to having her take my order when she is working. It is employees like Natatia that take the customer experience at Starbucks to the next level. Her customer service is ""Star"" worthy! I would highly recommend Starbucks in Cottage Grove to anyone."
Linda,"Fountain Hills, AZ","Reviewed June 1, 2021",1.0,"I contacted Starbucks customer service to ask why they only give one day to redeem their free drink for the birthday promotion. I wasn't able to use the free drink promotion on the one day allowed. I've been a customer for over 11 years and all they stated was, ""Sorry, our policy has changed, have a nice day"". I then contacted customer service online again to see how to cancel my membership card. I ended up calling and speaking with a representative. She took my information down and said I still have 34 cents on the card. I told her to keep it and just cancel the membership card. She stated, that's fine and the card will be deleted immediately. There was never a question why I'm canceling the card because obviously, I was upset. "
Jeff,"Jacksonville, FL","Reviewed May 24, 2021",1.0,"I have been a loyal SB Gold Card member for more than 10 years. Each day I buy 2 beverages, and on occasion, food or snack items. On a recent trip to a location in Florida, I ordered a hot coffee and other items. When I picked up the coffee from my car cup holder, the sides of the cup pushed in causing the lid to pop off and the coffee to spill on the center console of my car. Right on top of the technology ball that controls my radio, XM, NAV, cell, and internal features of the car."
Pamela,"Brandywine, MD","Reviewed April 5, 2021",1.0,Starbucks rewards program is a total joke. I have been a loyal customer for years. Lately I’ve found out that the offers they send out to customers for bonus stars are really a slap in the face to regular customers and favor the rare or occasional customers. I received an offer to receive 50 bonus stars for six consecutive days of purchases while my daughter who rarely uses Starbucks received the same offer but for 100 bonus stars for six consecutive days of purchases. To me this says “we can take advantage of you because you are loyal and we will try to lure in the ones who aren’t loyal by giving them a better deal”. All I can say is I feel a real craving for Dunkin' coming on. Starbucks doesn’t deserve my money or my loyalty.
Mark,"Pearland, TX","Reviewed April 3, 2021",1.0,"Personnel handling multiple cups of coffee and touching objects and money and then touching my lid where I have to put my mouth to drink from. Not practicing covid-19 protocol. A person said, ""well we wash our hands."" They do not wash their hands in between every transaction."
Cathy,"Scituate, MA","Reviewed March 26, 2021",1.0,"Radio too loud. Could not hear person behind counter after waiting 5 mins to be helped. Not patient with me. Surprised I asked for a straw. That saying ""be kind as you do not know what the person you are talking to may be dealing with"". Not asked what flavor of coffee I would like to order. Maybe if the music was not so loud... We each would have understood each other better."
Laura,"Owensboro, KY","Reviewed Feb. 25, 2021",1.0,Second time in a week I've gone to Starbucks and ordered pistachio grande and they didn't put the pistachio pumps in. We get it and leave with a terrible coffee for a very high price. And they expect us to tip as well! I'm not going back if I can't treat myself to what I've ordered. BTW this was on Frederica St..
Bobbie,"Petoskey, MI","Reviewed Dec. 15, 2020",1.0,"I was in line for 15 min before having to leave for an appointment. Never did get coffee. Unacceptable! Location is Petoskey, MI. Drive through Starbucks on us 131! Need to investigate what is wrong at this site. I don't have time to wait that long."
Anthony,"Salem, OR","Reviewed Dec. 7, 2020",1.0,"On Sunday I order my quad Americano. I get to work and realized there is no sticker on the cup. Decaf is marked with the name ""Gamer."" On Monday, I returned and was told ""sorry, nothing I can do"". Bye SB."
Olesya,"Vernon, NJ","Reviewed Nov. 30, 2020",1.0,"I always bought hot tea in Riverdale Target Starbucks. Today November 30 2020 I asked the woman who was making tea do not touch the hole on the cover of glass your hand, because covid. The woman did not listen me and touched her hand the hole of the cover a glass and else she poured the teatime the brim of the glass. I said, ""Give me a cover, I'll make it myself,"" she gave it. "
Ron,"Vancouver, BC","Reviewed Nov. 21, 2020",1.0,"On, November 21, 2020 my friend ordered a Venti dark black coffee. As The area became crowded coffee he was obligated to keep a 2 meter distance to accommodate to COVID-19 restrictions. So after 20 to 25 minutes He finished the coffee and went back for a refill. Their staff refused him a refill. ** the supervisor in charge at 4341 International Village Vancouver BC Starbucks location claimed the manager ended free refills for customers. My friend gradually related to her and stated The Starbucks refill policy and showed her the policy on his phone. Yet she ignorantly turned her back and shouted at my friend “my manager said to not give refills”. My friend patiently said, ""I would like to see that in writing."" ** refused and treated me disrespectfully, stating that it’s because of her manager **."
Angela,"Scottsdale, AZ","Reviewed Nov. 21, 2020",2.0,"They never gave me my cookies.. Like how can you not see on my order I ordered madeleines? So I asked for a refund period. And then their breakfast burrito is more tortilla than whatever inside! I stay at Dutch Bros from now on. I’m sorry Starbucks. Used to be my fave but then y’all wanna get real lazy with the customer service and making the food or prepping it, whatever tf y’all do."
Karen,"Smiths Grove, KY","Reviewed Nov. 18, 2020",1.0,"We visited the drive-thru at our local Starbucks and ordered two caramel frappes. Terrible decision, but we had a gift card and otherwise would not have been there. There was just a hint of coffee flavor and very little caramel. McDonalds has a much better frappe and half the price! Starbucks is laughing all the way to the bank!"
Ilea,"Saint Paul, IN","Reviewed Nov. 4, 2020",1.0,I forgot my mask realized and used my additional shirt to cover my face upon entry. Waited in a line for 5-10 minutes. He refused service saying I had to have an actual mask - meanwhile there was a dog in the store - I can’t be positive but I don’t think he had gloves on and he fist-bumped the customer in front of me.  I said I’ve waited in here this entire time I will go outside if you can still take my order. Nope... All the while I had a shirt covering my face and nose...
Bubba,"New York, NY","Reviewed Sept. 23, 2020",1.0,"While living in the United States I patronized Starbucks. I even had a Starbucks card. It had a balance of around $25. I decided to travel overseas and walked into a Starbucks in Bangkok and presented my card for payment. It was not accepted!!! Starbucks cards are ONLY good in the country they are issued in! Imagine if American Express or Visa or Mastercard ran their business like that! As I can't return to the US because of the COVID pandemic, I essentially was scammed by Starbucks!"
MARGARET,"Mount Pleasant, WI","Reviewed Sept. 22, 2020",1.0,"Starbucks does not know the difference between latte and cappuccino. I just ordered a triple venti ""dry"" cappuccino. I should not have to specify dry but I was told once that it would ensure that my cappuccino was made with foam instead of milk. Even that doesn't help. My drink today weighed about 5 lbs from all the milk in it. I couldn't even taste the espresso, it was like drinking a big cup of warm milk. I could drink this at bedtime and sleep very well. Go back to espresso school, it's not rocket science."
Ron,"Portland, OR","Reviewed Sept. 3, 2020",3.0,"My favorite Starbucks items are frappuccinos. Even though Starbucks prices are high, a frappuccino made correctly is worth it to me. Unfortunately, their consistency has been all over the map. I have had frappuccinos that were as thin as water. Some were the wrong flavor or the wrong size. Some did not resemble frappuccinos at all and who knows what was actually in them. The one I had today was like that and this is what prompted me to finally write a review to vent about it. "
Sara,"San Antonio, TX","Reviewed Sept. 2, 2020",5.0,"As soon as he sees me walk in the door he has my croissant warming up. This group is always nice, friendly, and knowledgeable, they work very well as a team, great job!!!! They all know my name, I feel at home."
Terry,"Bellevue, NE","Reviewed Aug. 30, 2020",1.0,"Starbucks has lowered their standards in cleanliness, presentation and morals. I have gone from one location to the other trying to order without there being any issues in the last 2 weeks. I have put in 5 complaints from 3 different locations. Complaints that stem from wiping my drink off with a dirty rag, leaving hair on my cup, taking my drink back from a customer's hand that was taken into his vehicle while I sit in my car behind him and once at the window was offered the same drink, to making my drink incorrectly and instead of remaking it the employee tries fixing it by adding ingredients through the top of the plastic top. "
Luis,"Hudson, WI","Reviewed Aug. 14, 2020",1.0,"My 4 friends and myself were treated like scum! We all support our country and President Trump so we all had our Trump hats on. The minute we were seen by the help, the guy said to me, “you’ll have to remove your hats, we don’t want problems.” I asked for the manager and was told that she’s not here but I can call later and speak with her. They wouldn’t serve us with our hats on! Very rude!"
Brett,"Oden, AR","Reviewed July 29, 2020",1.0,"I attempted to purchase a gift card from Starbucks (via online). During the process, the “System” indicated a problem on their end with the first Credit Card I tried to use for the purchase. I entered another credit card and was approved for the purchase. I received an email confirming this. I subsequently received an Email indicating all transactions were not approved, so no gift card would be issued. I checked my Credit Card info online and discovered both credit cards had been charged. I called Starbucks Customer Service and was told, ""That’s Unfortunate."" My cards were charged but no card issued. I now have been charged twice for a gift card that will not be issued. Only response from Starbucks is ""That’s Unfortunate.” I have been stolen from by Starbucks."
Peggy,"Philadelphia, PA","Reviewed July 18, 2020",1.0,"Yesterday 7/17/20 I was inside a Starbucks store in the Chestnut Hill section of Philadelphia and witnessed a maskless young man being directed to the next register for service. I asked the young man why he wasn't wearing a mask, and he replied that he didn't have one. A staff member was heard saying, ""It's okay"". I asserted that it wasn't okay and that PA has a statewide mask mandate. The staff then offered to provide a mask. I stated that the customer should wait outside for the mask. When the customer re-entered the store wearing a mask, he kept lowering the mask, as if taunting me. The staff kept repeating, ""everything's okay"". Ironically, this was the day after corporate Starbucks issued a mask requirement for all customers. I made a customer service complaint and will not return to that store."
Stefanie,"Grand Junction, CO","Reviewed July 14, 2020",1.0,I will never again make a purchase or support anything that has to do with Starbucks. Requiring masks of your customers is an infringement on our rights! Playing into the political crap speaks volumes to the type of people this company is and I will not support those kind of people.
Elissa,"Jacksonville, AR","Reviewed July 12, 2020",5.0,"The employee, Sami, was very helpful to us when the Starbucks app didn’t submit the order correctly. She helped us fix the problem and made our drinks new. She has awesome customer service, very sweet lady. Really appreciate her hard work and kindness."
Iris,"Charlotte, NC","Reviewed June 18, 2020",5.0,"I recently visited a new Starbucks location on Sharon Rd. and Fairview Rd. I was impressed with their 100 sanitation code before I got my beverage. After I got my Caramel Ribbon Crunch and S’mores Frappes, I was elated! The sweetness and crunch was so satisfying and not too sweet, not to mention they were beautifully made and topped with a mountain of cool whip (I love cool whip). The balance of Carmel and coffee doesn’t always work out, and is often too sweet, but I could not put it down. The service was amazing and I wish I could just say thank you to the man in the windows! I would definitely recommend adding the crunch to your next Carmel Frappe, it was divine."
Tori,"Dayton, OH","Reviewed May 30, 2020",1.0,We ordered online & paid but they lost order so I had to reorder & pay while my daughter tried to get her refund from first order... Then they mangled the order she requested a Caramel macchiato but they didn’t mix it. Caramel sat on bottom & they just poured milk in it... I ordered strawberry refresher with extra strawberry & somehow they made it slightly bitter! I heard them express to a man that waited for 20 min for plain black coffee that they where trying but didn’t really know how to make coffee! Seriously???? This terrible! Don’t go to Mad River store near Dayton mall. They suck!!!!
Jim,"Mechanicsville, VA","Reviewed May 22, 2020",2.0,"I frequent about 10 Starbucks in the Richmond Virginia area. I noted that prices have risen 10% in the past year but I still buy. It seems that now in 2020 8 out of 10 times when I purchase a Venti coffee, the cup is only partially filled. Most times 2 inches short. I ask for whipped cream but rarely get it. If I don’t make them open the cup before they hand it to me to verify the drink, I have to call and or go back through the drive thru to have them fix it. Seems I am paying for a Venti but get a Grande most times. Since the happens across multiple stores, it seems to be the new business model requiring the customer to QA the quantity and quality of the order. I think Starbucks has started to decline and is now out priced themselves in the market. The “Coffee Experience” is no more when you can’t trust them when you place an order."
yaloha,"Cape Coral, FL","Reviewed May 13, 2020",1.0,"5/13/2020. Worst customer service I’ve ever experience. Would not recommend this Pine Island location. I went to the Starbucks and at the entrance there’s a two way Street at was waiting on the right to make a right turn at. There were cars on the left. I waited for two cars to enter and I proceeded to enter. This mad lady came from behind me. Literally drove my car off the line violently and this lady name Bianca who works at this location who hasn't seen how crazy this woman push me out off the way. Almost crashing me with her car. Assumed that I was trying to cut the lady off without looking the video nothing. Refused to listen to me, side the other ** lady of course. "
Kathie,"Saint Paul, MN","Reviewed April 4, 2020",1.0,Went to the drive-through on Valley Creek in Minnesota this morning. The customer before me paid with cash - he received his change back - barista did not wash her hands and proceeded to hand me my drink. I am not pleased - should have refused to take the drinks.??. It was about 9:00 AM.
Nancy,"Indianapolis, IN","Reviewed March 7, 2020",2.0,"I drive Grubhub....so time is $$. I ordered caramel ribbon crunch frappuccino with extra caramel. Sounds simple right? Nope, could barely see any caramel. So I asked her to add...no. They decide to remake it. Ok. More waiting. So 2nd time great, back to my job. Then I realize there is NO CRUNCH on it!! Seriously?? Nope, not waiting for a third one to be made. C'mon Starbucks, get it together!!"
Mary,"Bloomington, IN","Reviewed Feb. 27, 2020",1.0,"There is no social responsibility at Starbucks. Starbucks is one of the most polluting stores in our City. There is no recycling whatsoever. Hundreds of plastic cups are tossed into trash each day at just one location, and thousands of them with all the locations in our City. When I asked the manager for the recycle bin, he shrugged his shoulders and said, ""I don't know how to get one."" I walked out and saw a recycle bin that was being used as a trash can. I contacted Starbucks' website and gave my feedback, but nothing was changed at the local stores. For a company who pretends to be all about community, they are destroying our planet faster than most of other stores."
Daan,"Chino Hills, CA","Reviewed Feb. 22, 2020",1.0,"Regular hot coffee of different sizes is too insipid and tastes almost like hot water in several Starbucks locations in southern California. One of the possible causes for the insipidity of Starbucks regular hot coffee is that store coffee brewers are not replenished with fresh coffee in a timely manner, especially during store rush hours. We made store associates aware of this issue at a few Starbucks locations but haven't seen any tangible improvement. This is a quality control issue that warrants serious attention from Starbucks' top management."
a. e.,"Los Angeles, CA","Reviewed Feb. 21, 2020",1.0,"I normally buy my Grande Pike at this Starbucks: 138 S Central Ave, Los Angeles, CA 90012. Today I decided to add bagel and cream cheese to complete my breakfast. I left and had to go back asap because the cream cheese given to me was an opened and used one. I asked for the Manager and she accommodated me but I had to say my piece to Chris who served me. I told him what was he even thinking about???? With all the plague all over the world why would you do that. He apologized but it never affected me because I don't know why he did that. Asked him why give me somebody else cream cheese??? What if it is contaminated. So how can I trust Starbucks now. Is that the training you have for your employees??? It is so Disgusting. I wish I could attach a picture of the  cream cheese. So consumers check what you buy all the time."
Nancy,"Pleasant Valley, NY","Reviewed Feb. 10, 2020",1.0,"We are at MCO Orlando airport by gates 1-9. I waited 30 minutes in line to find out there was no bold blend. The girl behind the counter asked me if I wanted to wait 7-10 mins for them to brew a pot. I told her no, that I’d already waited 30. (There were 6 employees behind the counter but I think only two working - in fact I walked up to the second register when a customer left and the girl there told me she wasn’t open). So I finally got my two pikes ventis - had to charge thru my Starbucks Acct because I wasn’t going to wait in that line again and not enough cash for two coffees.."
Gloria,"Ridgefield, WA","Reviewed Feb. 6, 2020",1.0,"I've done my research and it seems like Starbucks does hiring people who hasn't worked in this industry ""coffee"". You just need to have good customer services. You can't teach anyone how to talk to people but you can always reach them how to make something. I have 5 plus years in retail customer services but both places said I have no experience. They both hired people who worked at Starbucks or have experience. Yes, it's very true I don't have the experience, but I have the customer services. I thought I did great in the interview. I feel like if they only wanted experienced people, they shouldn't had even given me a call or an interview me. I felt my time wasted and their time wasted too."
Marcela,"Chula Vista, CA","Reviewed Feb. 3, 2020",2.0,"When ordering this morning I clearly asked for a Venti drink. After I waited for a while, they brought my Grande drink and I told the barista that I had ordered a Venti. She said that they had charged me for a Grande and I said ""OK, but I ordered a Venti"" the Barista ""not happy"" started making my drink again and went to the cashier and asked her something which I couldn't hear. When she brought my drink over, she said to go to the cashier to pay the difference. Me, being a customer service supervisor, know the importance of treating your customers with kindness and knowing that if we mess up, we take the loss. What happened here? They made $0.50 but made my experience at this location very disappointing. When someone makes a mistake, own up to it and don't make the customer feel embarrassed."
Shanyia,"Louisville, KY","Reviewed Jan. 31, 2020",1.0,"I ordered a Caramel iced coffee, and I got a iced black coffee with a bit of Caramel syrup. I knew my order was wrong because I make different coffees at work myself. This was the worst experience I’ve ever had here."
P,"Ann Arbor, MI","Reviewed Jan. 22, 2020",1.0,Starbucks Zeeb Road Ann Arbor Michigan. Filthy...Overflowing trash cans...2 outdoors and 2 inside. Rude and disrespectful staff will not acknowledge customers. Never a smile or explanation of process. Overtly rude. Endemic. I've been there several time over the past year. Each time I give them the benefit of the doubt. No more. Never again!!!! Despicable behavior toward paying customer who has always tipped at a 20 plus percent rate.
Maelcom,"Buffalo, NY","Reviewed Jan. 13, 2020",2.0,"I've been frequenting Starbucks for about 15 years now. It's more often than not been a daily habit for me and I've been to more of their stores (in multiple states) than I can even remember. One thing I started noticing is they routinely ran out of stock in their stores. That is to say, certain snack items and even certain beverage ingredients would be depleted very often. It got to the point where I would ask for a certain item and (almost every time) they'd tell me they had to check to see if they even had it."
K.,"Las Vegas, NV","Reviewed Dec. 29, 2019",1.0,"My daughter ended up in the ER for two days with shigella after consuming a hot chocolate from Starbucks. We contacted the restaurant and they said there’s nothing they can do. Shigella is an extremely serious form of FOOD POISONING. I urge you to avoid this franchise. Well Seaman we need to customer service, when the situation turns serious they want nothing to do with it."
E.,"Toronto, ON","Reviewed Dec. 28, 2019",1.0,"Overworked, underpaid staff. Filthy, untidy stores. Title says it all. Moreover, too often long line-ups, not for the cash as much as for the coffee itself. Why, you ask? Well, see my title - understaffing. Bad management. Greedy CEO. Neighbours, family, and friends - we all do our best to avoid having to buy a coffee at any Starbucks store in Toronto. Anyone else thoroughly FED UP with Starbucks?"
Sam,"Gilbert, AZ","Reviewed Dec. 19, 2019",1.0,"I trusted Starbucks and stored over $700 on my three Starbucks cards to earn reward points. On Nov 18, 2019 I received an email from Starbucks saying I requested to change my account password. I didn't. Feeling suspicious, I checked my Starbucks account and found that my balance is $50. I thought my account got hacked and someone stole my money. I called Starbucks to report it. They said Starbucks cancelled two of my cards and took away my money. No reason was given. No emails explaining what happened, or why it happened. Like all this wasn't enough they told me on the phone they are taking the remaining $50 balance and I have to file a complaint to get my money back. This all seemed unreal to me and hard to believe. Starbucks decided to take away my money and I have to complain to them to get it back."
Bert,"Saint Louis, MO","Reviewed Nov. 23, 2019",1.0,"Starbucks used to have the best Hot Chocolate around, but I stopped into their St Ann Missouri, store for a Hot Chocolate today, it has been a couple years since I got one, alas it was a crappy brown water waste of money, not the rich, creamy, chocolate it used to be, I Will not be going back for any of their overpriced garbage anymore...."
Anne,"Santa Monica, CA","Reviewed Nov. 22, 2019",2.0,"Went to Starbucks today. Bought 3 croissants. Each one came in a transparent plastic wrap. I expressed my concern regarding the environment. The barista smiled at me and emphasized on every croissant's guaranteed freshness. Today, I felt that our efforts to become a more sustainable country is a lost battle as long as these big companies don't feel the need to become more environmentally friendly. To stop passing out straws deliberately is not enough."
amy,"Lewisville, NC","Reviewed Nov. 9, 2019",1.0,"I have been a committed Starbucks customer for years, in fact since they came to Winston-Salem, North Carolina. I use the store on Jonestown Road and the store on Stratford Road. I had almost decided that I would stop using the stores because the staff has become so inexperienced. The lines are very long and in the morning when we are trying to get to work; an unnecessary delay due to lack of staffing and inexperienced staff is the last thing that you wish to encounter."
Sharon,"Fairbanks, AK","Reviewed Nov. 1, 2019",1.0,"I ordered two to go coffee boxes at least 10 days in advance. On the day I was to pick up my order, it was not ready. In fact whoever took my order didn't even write it down. So I had to wait and wait and wait for them to drip my coffee. No discount was offered, NOTHING!!! During my wait they could've offered me a coffee while I waited. In turn this caused me to be late to my very important meeting which Starbucks doesn't care about. So basically, very poor service, uneducated staff, unpleasant service at the new Starbucks store in Fairbanks, Ak on the corner of College/Old Steese."
Tessa,"Littleton, CO","Reviewed Oct. 25, 2019",5.0,"A few weeks ago, I went into Starbucks on Main St, in Brighton to study for my college psychology class. I ordered a pumpkin cream cold brew after a friend recommended it. When I got my drink, it looked very professional with the different layers of coffee and pumpkin cream. I stirred the two layers satisfyingly together and then took the first drink and I fell in love with the drink. The texture and taste were so creamy. The atmosphere was perfect for studying. I would 100% recommend the pumpkin cream cold brew to anyone who enjoys coffee or if you are looking for something different than the Pumpkin Spice Latte."
Mario,"Joliet, IL","Reviewed Oct. 18, 2019",1.0,"Enjoyed the bookstore but when I went to get coffee and sit and read at a table it was like being stuck in a teenage ** movie. What drug are the Starbucks workers taking? They are laughing like they both just inhaled helium, ate a handful of ** gummies, then took **. Where's the manager? People are trying to read."
Kathy,"Lakewood, OH","Reviewed Oct. 16, 2019",5.0,The Starbucks in Lakewood is nice and cozy but I like to see more tables than those lower chairs and small tables. It makes hard for people to sit down who are seniors like me. Also I this the coffee should be free on refills. Ruth is such a nice and friendly person. She even remembers your name. I think Starbucks is a good place to come to. The music isn't loud and you can hear yourself talk. Thank you Starbucks for making my day better. Service is good but bit pricing.
Kayla,"Centereach, NY","Reviewed Oct. 9, 2019",5.0,"Great coffee, great employees, great experience! I used to hate coffee, but now I'm hooked. Thanks to the coffee gods at Starbucks. Whenever there's a problem with my order, they always refund me, and I'm so thankful for that."
Sharon,"Grand Rapids, MI","Reviewed Oct. 1, 2019",1.0,"I have been a loyal customer of Starbucks for over 15yrs. Lately I have noticed my venti blond has a blah taste. More like cheap gas station coffee. It wasn't just me, I asked several family members what they thought. They verified it was gross coffee! What happened!? I even tried several other Starbucks. Same problem. Really Starbucks! Do you think we won't notice when you hike the price of your coffee and cheapened your product? I guess another good thing has bit the dust. I can make my own gross coffee at home????"
Sherina,"Washington, DC","Reviewed Oct. 1, 2019",1.0,I purchased 2 slices of cake and 1 had plastic in the middle. I called Starbucks customer service and was told I could be helped because I ain’t have a Starbucks account. Ask for the rep name. Told her to give me district manager name and give him my information and she told me I’ll be better off taking back to the store and hung up on me. I have pictures. How can I upload them? I always love Starbucks cakes but now my brain not going to allow me to eat their cakes anymore. Starbucks customers service rep sucks. Treated me like I was not a paying customer.
Jay,"Nanaimo, BC","Reviewed Sept. 30, 2019",5.0,"I have been a Starbucks customer for years. The steadfastness of their quality service and coffee is second to none. The proof of their standards is the years and years of proven service and ""customer-first"" attitude. They get my money because they deserve it. Period."
Gaye,"Victoria, BC","Reviewed Aug. 30, 2019",5.0,"I am a Canadian who was recently lost and looking for a company in Olympia Washington. My Canadian cell phone was unable to help and the Nav system in my car wasn't either, so I went into a Starbucks to get myself a much needed triple latte and ask if anyone could tell me where this shop was. The store manager, Lacey **, heard me asking a clerk if he knew where it was, and the next thing we knew she was looking it up on her phone and offered to write out directions on how we could get there. It was such a relief just to have the address and know that we would be able to find the object of our journey (the store was in Lacey, as it turned out)! Couldn't be more grateful for her kindness!"
Samara,"Omaha, NE","Reviewed Aug. 26, 2019",1.0,"This was a drink I was really looking forward to trying. It's the new fad so of course I had to try it. I only was able to stomach 1/4 of it and threw the rest away. I felt sick to my stomach. I took tums and they didn't help. I thought I was going to throw up and ended up sitting my whole evening out because I was so sick and felt so horrible. I would not recommend this drink. Not only is it not worth the price, it isn't worth the stomach ache and pain. Never going to drink this again. Very disappointed."
cathy,"Chicago, IL","Reviewed Aug. 23, 2019",1.0,"I have been a consistent customer of Starbucks for well over 10+ years, and have had some minor issues. Some I addressed others I simply let slide, mostly due to my rapport with the management managerial staff AND Baristas but however, my rapport is of little consequence after my recent experience at the hands of Starbucks. Apparently, they felt the need to take it upon themselves following a day's regular purchase of my caramel macchiato with 4 espresso shots no foam at 200 degrees. They then took an additional 150 stars from my rewards 3 consecutive times on the same day. "
Kathy,"Lakewood, OH","Reviewed Aug. 9, 2019",2.0,I went in to the new Starbucks in Lakewood on Detroit Ave. People bringing their dogs in to a good service area. I can see if it was a service dog that's different and Ali no mirrors in the bathroom. They should give free refills on coffee with the price they charge for coffee. Panera bread gives free refills. They should have a senior discount for people that can't afford Starbucks prices. Customer service was okay. Kathy.
vincent,"Acworth, GA","Reviewed Aug. 4, 2019",1.0,"They charge ~5$ for a chai tea Latte and does not train the employees how to make them, each store make it their own way. Horrific experience today at a Starbucks in Riverside, CA. They literally give me boiling Milk. I asked them to add more tea, then the lady in the store asked me, “You want more syrup?” How the hell a customer know you are using a secret syrup to make Chai tea latte. I repeatedly asked I need more tea.. Of course she got angry.. I have to walk away with the boiling milk. First of all you make the worst chai tea latte, still I am drinking it and you make it worst. Don't exploit customers like this. Hopefully somebody sees this and take necessary action."
Christopher,"Irving, TX","Reviewed July 31, 2019",1.0,Bought the cocoa cloud in a couple of locations and man what a waste of money. The last drink I got was 80-85% foam. This has been the trend. Pathetic especially since we are paying full price for the drink which is over after a couple of sips.
Sunhee,"Davao, Other","Reviewed July 15, 2019",1.0,"I was a regular customer, ended up hating Starbucks due to their poor customer service and unkept promises. Let me write down what I have gone through: 1. Collected stickers (18 beverages) to collect 2019 Planner/Organizer. (Completed 4 Sets). 2. I have redeemed 2 of them. By February, their stocks were low, and choices were limited. The barista told me to wait for ""restocking"" for more choices. 3. By March, there were ZERO stocks and I was not able to collect 2 Planners. Baristas told me two choices: a) Wait until May; or b) Get 1,500 Php = 29.33 USD for each set. I decided to wait knowing that I have collected these stickers for the planner/organizer. I have spent more than 3,000Php per set and it does not compensate me with 1,500Php."
Akassh,"Charlotte, NC","Reviewed July 7, 2019",1.0,"I reached out to Starbucks customer service centre on 2 to 3 occasion and they will reward me with $10 card or free coffee but not solving the issue on the ground. Issue - when you ask for Tall and pay for Tall but you end up receiving one half or less. This isn’t about one location. This at multiple locations within Charlotte, NC and Richardson, TX. Learning - it’s top down message to reduce the quantity without letting customer know. Else why is it same across multiple locations. Option: 1) every time you buy request server to fill the cup up; but doesn’t work every time. Or 2) shift to other coffee brands. Question - is there anyone also feeling the same with reference to quantity or not? Personally - Seems I am done with Starbucks as I don’t believe money is the solution. It’s more about experience, quality and quantity (promised)."
Robert,"Georgetown, TX","Reviewed July 7, 2019",1.0,"Treats customers rudely and insensitive to common moral fabric values. I cannot believe the company can treat people so rudely just because of the way they were dressed because they didn't agree with their ideas and image? Give me a break.. I thought Starbucks was supposed to be a welcoming place. The coffee is served too hot, and tastes burned. It is overpriced."
Emily,"Saint Petersburg, FL","Reviewed July 5, 2019",2.0,My daughter and I came in here two separate times. I specifically asked for them to add extra sugar for her passion fruit lemonade. They said they would. Both times they didn't. We won't be going back. I'm not into wasting money.
Forrest,"Draper, UT","Reviewed June 10, 2019",1.0,"I then called and tried to activate and I was told that I needed to go to the location it was purchased to use??? First of all it's in a different state and I don't know what location. It sounds like a dumb business practice. Normally you get a gift card and you go to their location and use what money is on it. It was prob only $20.00 to $100.00 but who knows, the card is now TRASH. Very poor policy for such a large corp."
Susie,"The Colony, TX","Reviewed June 7, 2019",1.0,"I have exhausted my efforts to get my Chase Starbucks' rewards from my new Starbucks' credit card. Per the original promotion, I was to get 4500 Starbucks rewards after I spend $500. I, of course, complied and Chase says I got my 4500 rewards but NOTHING In my Starbucks account. I called, emailed in April and again yesterday. BOTH TIMES A COMPLETE RUN AROUND. Chase blames Starbucks, and Starbucks blames Chase. I'M SICK AND TIRED of this runaround. Chase rep even told me to call STarbucks' Rewards ""Elevation team"" and even HE SAID it was Chase's fault and there is nothing he can do. WHAT THE **. I'm tired. Sick of this runaround. I want all my interest on this stupid credit card refunded, my annual fee refunded, immediately."
Swetha,"Los Angeles, CA","Reviewed June 1, 2019",1.0,"Very bad customer service. The person who takes order does not smile and is rude. I asked if an over the counter sandwich can be heated and she rudely responded ""No"" with stern blunt voice, no apology whatsoever. I also asked another person working at the bar for water, he said ""one minute plz"" and then ignored me and started walking around the kitchen for 3 minutes or more. Finally, I went back to the order area to order water, the new barista was polite and addressed the request. Overall, very rude staff, worst staff ever seen at Starbucks. No outlets either. This experience has made me never go to a Starbucks again, ever! Specially after the horrific thing they were in the news for. I usually don't believe everything that they say in the news but given my own personal experience, I think this Starbucks at Cypress Park, Los Angeles, CA has racist staff."
Danita,"Orlando, FL","Reviewed May 31, 2019",5.0,"This Tuesday I had the most horrible experience with renting a car at the Orlando airport through Orbitz and Alamo. When I stopped at the Starbucks to get something to drink and rethink what I was going to do in my situation I was on the phone with the Orbitz manager who was completely useless and the cashier at the Starbucks in the airport overheard the conversation and decided to be helpful, thoughtful and she saved my faith in humanity!! I was on the phone arguing with the manager at Orbitz and ordered my drink, I went to put my credit card in the machine and she said, ""You’re all good."" I was already upset with everybody else I had ran into so I almost bit her head off thinking she was incompetent for not charging my card. "
E. F.,"Independence, MO","Reviewed May 22, 2019",1.0,"It was bad enough when your birthday reward was only good for 3 days. This year it's only 1! Everywhere else, you have around a month! It's like, they're afraid you'll ACTUALLY use it! It's just bad customer service!"
Rhonda,"North Las Vegas, NV","Reviewed May 20, 2019",1.0,"I placed an order through the drive thru at Starbucks on Sandhill and Flamingo, in Las Vegas. (05/20/2019 11:06 am) The order was correct, but the problem is the person at the drive thru is handling money. She put her hand over the cup lid that I will be drinking from. I wonder if this is done on purpose, because the person before me, (**) didn't have the drink handed to them like that, out of the drive thru. I'm a person of color, and this is about the third time this has happened. I've either had to have them make me another drink, or I just threw out the lid. Also, a receipt wasn't given to me. It's unsanitary practice. With all that is going on across country with this company, I would highly recommend going to a different coffee company. Will never go to Starbucks again."
Bill,"Seattle, WA","Reviewed May 20, 2019",2.0,"Once thought Starbucks was a smart company but not anymore. Customers are not so stupid that they don't notice the changes. Reducing the rewards program, making store environment bad enough to discourage staying (less seating and loud noise level), cuts to service, products, stores, bummed out employees, low inventory on shelves, crappy sugar drinks and food, and more. I've cut my visits by at least 50% and so have others I know. Keep it up and in time a competitor will step in and/or customers will discover other options. Sorry to see the old ways go but maybe this company has seen its day. Sold your stock. Don't believe you care about customers. Short term a ""go cheap"" strategy may look good but long term lost customers will drop sales. Buh bye Starbucks. You're becoming just another ordinary place that is taking more than it returns in service and product."
Kelly,"Clackamas, OR","Reviewed May 11, 2019",1.0,"The service at the Fred Meyer store at 16301 SE 82nd Dr store in Clackamas, Oregon location is so abysmal and toxic I have decided to not come here anymore. The staff is angry and rude. Today they left the an ingredient out of my caramel white Mocha so it didn't taste right. I do not believe this is a mistake. Instead they cheated me in a petty act of retribution for reasons unknown to me. They may have a personal problem with me, I don't know, I am a frequent customer but even if they don't like me that is no excuse for their unprofessional and childish behavior. I am only guessing at the reasons for their rudeness but it is worse every time I come in. I am assuming it is personal but whether it is or not I doubt that I'm the only customer with a problem with them. This sort of staff problem always starts at the top with the store manager."
Trace,"Richmond, TX","Reviewed May 5, 2019",1.0,"I haven’t had Starbucks in a LONGGG time, but the time I went today, I got a caramel frappe and when I got home, noticed it was some sort of chocolate drink. I was really craving Starbucks today... Thanks"
Mel,"San Francisco, CA","Reviewed April 30, 2019",1.0,"When Starbucks changed the ""rewards"" to ""stars"", they eliminated the unlimited free purchases, now if you order more than one item, you don't get the discount on multiple purchases, as you did with the old ""rewards"" program, and there was no notice of any kind advising that the unlimited free purchase had been either planned or discontinued. Matter of a fact when I complained to Starbucks about this bait & switch, all I got was a bunch of mumbo jumbo double speak legalese, it appears that Starbucks MO is now screw the customer, they apparently haven't learned anything from their last two publicity failures. Buyer BEWARE, use up your star rewards as fast as you can."
Gord,"Calgary, AB","Reviewed April 27, 2019",2.0,Just became aware of the new rewards program that once again requires more points for the same free item. No spin will change the facts that they are again making it more difficult to achieve reward benefits. Am now having 2nd thoughts about continuing to frequent Starbucks. Between unreasonable and uncompetitive prices and now reduced rewards will probably now go elsewhere.
Mary,"New York, NY","Reviewed April 24, 2019",1.0,"I purchased a Starbucks tumbler and used my Starbucks card. I put it away for summer drinks as 20 oz. of hot coffee would buzz me to bits. Last week, I went to Starbucks and had them put an iced coffee in there. This week, I made my own and I was drinking it and noticed that the cap didn't stay closed. I drank and the next thing I knew, I almost choked on a piece of plastic which fell into the tumbler. It scared the life out of me -- choking hazard -- who knew. I called Starbucks and they said the only way to return it was with a receipt (which I didn't keep since I used my Starbucks card). "
Mrs.,"New York, NY","Reviewed April 11, 2019",1.0,"Not one good review on this page. Doesn't surprise me. I called customer service before deciding to leave one myself. They didn't help. So here I am, leaving a review. NY customer service at Starbucks I guess is no different from the ones on this page from, Denver, NC, California, PA., GA, Canada, NJ, OH, KS, VA, TN, UT, SC, WA etc.! I'm sure the rest of the 50 States are here somewhere if I kept reading. Seems like Starbucks is not only on a roll for the worst customer service nationwide but for the decision to making customers wait even longer for a bagel or muffin that you don't even want toasted, or buttered, or for that matter baked! Which seems like what they might be doing for the length of time you are actually waiting for it. "
Linda,"Denver, CO","Reviewed April 4, 2019",1.0,Starbucks has the worst customer service in two locations in Denver. 44th and Federal and 40th and Colorado Blvd in Denver Colorado and they always get the order wrong. What I don't understand is if you're gonna want to work with people? Do it right. When you screw up an order? Own up to it. We as customers pay a lot of money for something here at Starbucks. Please get better!!!
M,"West Roxbury, MA","Reviewed April 2, 2019",1.0,"Long time customer however, I starting noticing about their reward program/challenges etc, so I Joined in a few times, when it thought it was worth it. Anyway 2 time in one year I did complete the challenges, and they manage to steal the stars (POINTS) and I got nothing, which it's sucks because if you win something or promise something you should keep that promise and pay up! I called customer service. It was awful of course, Not help to me at all. Anyways don't trust them or believe everything they says, NOT COOL."
adam,"Other, Other","Reviewed March 26, 2019",1.0,"I am a regular customer to one of your branches, visiting the branch average 3 times a week and work from there for 6 hours average. I have notice sarcastic actions but couldn’t have something confirmed since the staff use to talk in their own languages when they make the jokes. Yesterday 25/March/2019 I was in the branch and when I ordered a salad and went back to my place he started making fun about how can an over weight person order a salad with another customer, saying, I must have ordered it by mistake and that I will be ordering a fried stuff later and kept laughing about it with his colleagues and customer. While I was leaving he started to joke that (""now he must be going to the gym after taking his salad""). Rude staff and no management to control their action."
Cesar,"Omaha, NE","Reviewed March 20, 2019",1.0,"The staff here have no clue how to make coffee. They always get my order wrong. When they do not know how to make a drink, they make up the excuse they ran out. Happens every single time. I am so furious that I pay for service and never get what I ordered."
Allison,"Riverview, FL","Reviewed March 18, 2019",1.0,"The drink was completely incorrect. The drink was an entirely different product than what was ordered. It also lacked sugar when the mobile order specified in several places to add sugar. The drink also lacked fruit, even though the order called for it. Also, the drink was filled with ice when it was specified to not have ice. The only thing correct about the drink was the size, which not even this location could mess up. Overall, I would not recommend this store or return."
Basim,"Other, Other","Reviewed March 11, 2019",1.0,"VERY VERY BAD. I ordered Mocha from South Kensington branch today and gave very bad stomach pain. This has happened to me few times during the past few years at different Starbucks locations in London. The prices are getting more expensive which is ridiculous. Another bad thing happened at Starbucks Slough branch, I had to wait too long in a very slow moving queue of people and my order was not made as requested at the end. Employees are idiots. As usual, Starbucks Customer Service is absolute RUBBISH. Starbucks MUST BE SHUT DOWN and definitely not worth the amount of money it currently has."
Melody,"Phoenix, AZ","Reviewed March 8, 2019",1.0,"My first time visiting this particular store and my last Starbucks purchase. I went to the drive thru and my debit card was pulled out of my hand along with grabbing a couple fingers. I don't know if he heard me, but I said please don't pull my card like that. Too late. While returning my card, he put it between his two fingers, like he was a card dealer in Vegas. He flipped it out the window and on to the ground. I picked my brand new card up, out of filth. If he did that in a store 5 miles east of there, he'd be fired on the spot. Multi millionaires don't put up with that. Come on people, get your caffeine fix at a convenience store down the street. I am. I work too hard for my money, and have too much respect for myself, to be treated like that."
Christie,"Nampa, ID","Reviewed March 2, 2019",1.0,I was unaware they charge extra to change the type of milk or to put it on ice. I can see extra fee for shots of espresso but it should be stated so you know about it. Be upfront about pricing. List of on the menu.
Heidi,"Des Plaines, IL","Reviewed Feb. 4, 2019",1.0,"I added money to my Starbucks rewards card two days in a row in store. It has been 3 days and I have contacted customer service several times. The customer service automated number is useless if I cannot speak to a real person. The corporate office finally gave me a person, sadly the issues is not resolved on their end. How is it possible for such bad customer service for such a huge company?"
Christopher,"Other, Other","Reviewed Jan. 30, 2019",1.0,"Went to the Linwood shop with my wife, ordered two cappuccinos hers. Didn't taste of hardly any coffee. Mine was supposed to be a double. Shot just tasted sour. Without doubt the worst Starbucks experience in my life. Felt sick. Didn't finish my coffee, also felt robbed and cheated. Won't ever return ever."
Joseh,"Geneva, IL","Reviewed Jan. 26, 2019",1.0,"SB had a streusel blueberry muffin that was perfectly good. In summer of 2018 they changed the recipe completely. The current ones have no yogurt or honey are way too sweet to the point of being gummy on top, gross actually. Three baristas have commented the same. Bring back old ones."
Anastasia,"Sacramento, CA","Reviewed Jan. 26, 2019",1.0,"Let me first say this, never in my life have I ever been so humiliated, embarked, or angry. I was in the drive thru at the Fulton and El Camino Starbucks, myself and my 3 children, (my 5 year old having autism) and one of their friends in my vehicle, stopped to get my mom some coffee on our way to visit her at the hospital when my 5 year old became very agitated being that the line was long and not moving very fast. He can only be in his car seat and in the car for short periods of time before he goes into a complete panic mode, he becomes very scared and next aggressive, with that being said the arose a problem in the back seat between two of my boys which went on for seemed like forever."
Jonathan,"Raleigh, NC","Reviewed Jan. 24, 2019",1.0,The fact that you don’t even allow a one week grace period to use Birthday rewards now is the stupidest thing I’ve ever heard and it’s not right. Starbucks is so money hungry now that you don’t even let me decide when I can go get my free coffee. What’s next? Are you going to have to use your regular rewards the day you get them after you’ve already gotten coffee that day? The way Starbucks ruins the free rewards more and more every year is making me dislike Starbucks as a company and makes me never want to go there again.
naryman,"Other, OTHER","Reviewed Jan. 24, 2019",1.0,"I thought a global brand as Starbucks setting extremely high beverages prices would be at least concern about their reputation, quality and hygiene! Yesterday morning I decided to get the cold lemon mint drink from Starbucks branch in City Stars Mall in Cairo, Egypt. As I was drinking, my stomach started to get upset. I checked to find out living worms in my drink!!!"
Francois,"San Marcos, CA","Reviewed Jan. 18, 2019",5.0,"Aside from great drinks and good food the service has to be the best I've ever had at any Starbucks store. I've been using Starbucks since 1974, all over this country and this store has the best service of any other store. I have and will always recommend visiting that store."
84euni,"Rancho Cucamonga, CA","Reviewed Jan. 9, 2019",2.0,"I came to the Starbucks on Mountain and Foothill in Upland. The store is usually clean, this time both the bathrooms needed cleaning and stocking of supplies (one had urine all over the floor). The trash bins also were overflowing. I told the barista and said he would let his supervisor know... Ok? Well 20 minutes later, still waiting for someone to go in and clean them."
Jeanne,"Harmony, NC","Reviewed Jan. 8, 2019",1.0,"I'm not sure what's up with the distribution center for the Starbucks in North Carolina specifically from Concord, Salisbury, all the way up to Winston-Salem, but if you want any of your favorite sandwiches or flavors or even water you will be told they are out because the distribution doesn't Supply the stores! I'm told that since the Christmas specials starting back in November, most people couldn't get the holiday favorites because the stores didn't received supplies in all the local stores. I don't understand how you run a business when your Distribution Center can't Supply the local stores with items that people want to buy. Like pay cash and enjoy the products oh, isn't that what business is about? Serving the customer and receiving the money?"
Antonia,"Dingmans Ferry, PA","Reviewed Jan. 1, 2019",1.0,Went to redeem a gift certificate at the store and imagine my surprise when they said they had no decaf coffee. A coffee shop that has no decaf??? On top of it the barista was extremely rude. Never again.
Vlad,"Atlanta, GA","Reviewed Dec. 19, 2018",1.0,"Starbucks Phipps Plaza, Atlanta store demonstrates consistent poor customer service and product knowledge. Associates are mismanaged, poorly trained and exceptionally impolite. On my last visit I ordered my usual ’doppio macchiato’, instead, I received a plain doppio. The associate had no idea that expresso temperature is expected to exceed 160 degrees F. It was difficult to receive the refund on my payment, and no one offered to rectify the mistake in a manner that would alleviate the tension. NOT THE FIRST TIME! An extraordinary display of the systemic mismanagement."
Cathi,Canada,"Reviewed Dec. 19, 2018",1.0,"My sweetheart and I went into our neighborhood Starbucks to get a coffee. We were standing waiting to be served looked at the food on display and noticed there was flies landing on the food and flying around. We pulled an employee aside and gestured towards the food and he said, ""Yes we are aware and it’s just a display we are not serving any of that to the public."" We were satisfied with that response and not more than 30 seconds go by and we witness a barista taking food out of the fly infested case put in oven to warm up for the public."
Michael,"Jersey City, NJ","Reviewed Dec. 7, 2018",1.0,"The manager said I stole some chocolate. I said, ""No I did not, miss."" She said, ""Yes you did."" So I say, ""Write a letter of apology then I will let you search my pocket."" She signs the letter. Then I let her search my pockets. She is not supposed to touch me. But she checks my pockets... nothing. So she calls me names including a ** and hands me the letter. I now have proof of employee misconduct. Manager at Starbucks Jersey City behind Newport Mall by the water. And all I wanted was a cup of coffee... My day was the worst day ever!!!"
Susan,"Cincinnati, OH","Reviewed Dec. 5, 2018",1.0,After being given a stale bagel to eat I called customer service to be told they won’t give me my money back because I already was given a credit the other day for a incident at a different location. Be careful they don’t care if your food is old and stale. Now I have to wait for someone to call me to go thru this entire thing again to get my money back. What a joke.
carrie,"Wichita, KS","Reviewed Dec. 2, 2018",1.0,"I get severe HEARTBURN and INDIGESTION with 1 cup of coffee. I changed brands, no more heartburn and indigestion. Yeah. SO IF YOU GET HEARTBURN AND INDIGESTION IT COULD BE FROM THEIR COFFEE. I had to change brands."
Brian,"Davis, CA","Reviewed Nov. 29, 2018",1.0,"I downloaded the Starbucks App for the first time earlier today, and I did not realize that they automatically had me choose to purchase a Starbucks Card service, and they automatically uploaded $25.00 from my debit card into the Starbucks Card account. I bought one tall size cold brew today which it cost $3.40 which leave me a total of $21.60 in remaining balance. I called later today to cancel this scam Starbucks Card service, and they will only refund me $20.00 back to my debit card. "
Marlon,"San Francisco, CA","Reviewed Nov. 28, 2018",1.0,"PREJUDICED AND HARASSMENT BY CONSUMERS... AND STAFF - Today in the 10:00 a.m hour meeting with my best friend, Christine **, an incident occurred that should warrant me to file a police report of a sexual assault nature. This occurred at STARBUCKS on 10th/MARKET St. A young Asian kid licked his tongue at me as if I'm some kind of woman after I questioned him staring at me. Gut-sicken by this. They also had panhandlers and an ""exciting crowd"" causing confusion and chaos as if it was I being betted on at a race track! They also had panhandlers and an ""exciting crowd"" causing confusion and chaos as if it was I being betted AND WAGERED on at a race track!"
Jessie,"West Monroe, LA","Reviewed Nov. 22, 2018",5.0,I was pregnant when the violet drink Came out. I got this drink nearly every single day when I was pregnant and now I crave this drink. I’m not a coffee drinker so this drink keeps me coming back time after time!
John,"Reston, VA","Reviewed Nov. 19, 2018",1.0,"HALF THE TIME I DON'T GET BONUS STARS LIKE I SHOULD...And have to call Starbucks customer service. After wasting about 35 minutes each time, I might get the stars I earned. Starbucks is expensive, and purchasing the drinks required to earn rewards will quickly mount up. I've decided to blow off their stupid bonus star challenges and only go to Starbucks if and when I desperately need an espresso."
Teresa,"Goodlettsville, TN","Reviewed Nov. 16, 2018",1.0,Now for the third time money loaded on Starbucks App has been used by people in other states to my unknowing until I’m ready to use my preloaded card on App and find there is NO MONEY! Each time I have to wait for Starbucks to do investigation. Sometimes it never gets done... I just have to remind Starbucks that I’m waiting for card to be reloaded!! I was told this time that new policy is to send out a new card. Ok... now I got to wait even after 3-5 days for a card to be mailed to me! Each time the incident has happened I have been told a different story. Not only do I have to call Starbucks to remind them that they don’t give me my bonus points... I have to call them to see where my money disappears!! App sucks. Starbucks sucks.
Albert,"Lansdale, PA","Reviewed Nov. 15, 2018",1.0,"The Montgomeryville, PA store is terrible. I tried to buy a sausage breakfast sandwich today at 11:00 AM. They were out of sausage! Sounds like poor management to me. I canceled my order and will not do business again with them."
Meredith,"Syracuse, UT","Reviewed Nov. 12, 2018",1.0,"I've been going to Starbucks for about 10 years. I don't know what's going on with these Utah stores but none of the stores make the coffees the same. I go to Clinton, Clearfield, Layton, Layton Smith's, Clinton Smith's, Riverdale, Ogden, and Farmington, I order the same thing throughout the year and the same Christmas flavor every year until they run out. More often than not the past 6 mos, my coffee tastes gross. I am paying premium price for crap. The beans are burnt with a horrible aftertaste, they don't add flavor. It tastes like milk with water, or it's not at the kid temp I order it at. Only one store has gotten the Christmas flavors right. This morning, I went to the ONLY store, 2100 South and State, SLC, that has made my Christmas flavor right and my ""go to"" right. "
Kristie,"Pomona, CA","Reviewed Nov. 9, 2018",1.0,"I have enjoyed Starbucks for years as well as the free wifi. Currently I am homeless and utilize the free internet Starbucks on Foothill Blvd, in Pomona California provides. Until now. Starbucks has called the police on myself and my boyfriend several times. I assumed for being in the parking lot a little too long or because our van is a bit of an eyesore with all of our things piled on top. "
Cynthia Luz,"San Diego, CA","Reviewed Nov. 5, 2018",1.0,"This STARBUCKS Location has the worst customer service out of all the locations in Palm and Beyer San Diego Ca 92154. I been Starbucks for years and now is time to say Good Bye! I noticed that employees are overwhelmed and they take it against customers. I noticed that they are unhappy stressed and I don’t want that negative experiences anymore. I’m tired of been getting wrong items and if I placed a mobile order that has been taken away by another customer or by a homeless. Starbucks needs to come up with a better plan to keep business running, customers but the most important thing is to keep employees happy and motivated in order to provide customer service and focus on their duties. I’m deleting my Starbucks app because I rather buy my espresso machine and make my own coffee from now on. I want to enjoy my coffee happier! Thank you."
Bryer,"Phoenix, AZ","Reviewed Oct. 3, 2018",5.0,"This company has earned its popularity by maintaining a great quality business. Starbucks holds a welcoming environment, is widely available, and serves a variety of menu options. Starbucks has a unique, modern style. Starbucks creates a place fitting to the environment, giving them a truly natural and positive vibe. Locals are most likely to feel at home at their surrounding locations. The employees at every location always fit in perfectly as well. The alternative styles and quirky personalities of Starbucks employees make for authentic coffeehouse vibes. "
Lesley,"Other, UK","Reviewed Oct. 1, 2018",1.0,Won't be back. Never again. Have always got a baby Chino for my grandson. Asked for one this morning to be given a miniature cup with about a spoonful of milk. The rest was foam. Asked if I could get the cup topped up to then be charged £1.80 for a wee drop milk. Staff very unfriendly. Asked if I could get fruit toast for my grandson and if the pieces could not be end pieces as they are too hard for him to chew. What did we get? End pieces. So the toast didn't get eaten because it was too hard for him to chew. Back to Costa for me.
Becky,"Magalia, CA","Reviewed Sept. 28, 2018",1.0,"I went to our new Starbucks the other day. My first time as I usually go to Dutch Brothers. A friend asked me to meet her there her first time too. I wonder why you still ask people's names when you can't get it right. Why don't you just give us a number? Well they called the wrong name. Then let them sit on the counter untill we got impatient. When I went to investigate I found two cups sitting there. I want to also say there was only three people in the restaurant. And we sat directly in front of the cashier, so she could see that we were sitting there DRINKLESS for an unusually long time."
Trevor,United Kingdom,"Reviewed Sept. 25, 2018",1.0,"DO NOT drink at STARBUCKS St. Leonards, Ringwood, I was fined £100 for parking there for 105 mins because they were slow serving drinks and lunch. My friend and I met there for coffee and lunch, as we often used to do, BUT NO MORE. We were encouraged to stay longer and have another drink only to be fined for overstaying the car parking by 15 mins. YOU ARE ONLY ALLOWED TO STAY FOR more than 90mins and that is out of the car park within 90 mins. I visited the store and they said appeal the fine, I did this, the parking company refused the appeal as they only care about getting money and just threatened me with charging more and taking me to court. DO NOT go to Starbucks. You are ONLY ALLOWED to stay in the cafe for less than 90 min or they FINE YOU £100."
Nada,"Laguna Niguel, CA","Reviewed Sept. 16, 2018",1.0,"Our 15 years old daughter had a green matcha drink at the Starbucks in Planet Hollywood Resort and Casino in Las Vegas and got sick after drinking it. She asked for her drink to be made with coconut milk since she is highly lactose intolerance. After finishing her drink she starts complaining from a terrible stomach ache, she threw up almost 17 times and went to the bathroom numerous times within 45 minutes. That drink was the only and 1st thing she had consumed that day. After the intensive episodes of throwing up she turned pale, her lips were blue and she was freezing cold shaking screaming from her abdominal pain. She said that it feels like a food poisoning episode or maybe they have put milk in her drink instead of the coconut milk. The music was so loud in the hotel that there's no way probably the and please will hear the order correctly. For something was wrong with the drink that she had food poisoning."
Colbi,"Kansas City, MO","Reviewed Sept. 7, 2018",2.0,"Recently, I have noticed that there are new Blueberry Muffins at Starbucks stores. These muffins are gross... Sorry to be so blunt but I really enjoyed the old ones with the delicious crumble top. The new ones honestly taste cheap and the tops have big pieces of sugar on them, which taste awful. My favorite part of these muffins were the tops and these new ones just don't work. Thought Starbucks was company that valued high quality products and they've really dropped the ball on this."
B,"San Diego, CA","Reviewed Sept. 4, 2018",1.0,"My daughter and I went to our local Starbucks #9626, at 3202 Governor Drive, San Diego, CA, at 12:20 noon today. There was no one in line. Several people were sitting at the tables. The employee at the cash register was a woman who repeated over and over that she is in her fifties (years old). She was extremely loud and rude to us in front of all the many other customers. I asked her for two cold matcha lattes, no ice. She said our drinks would be this far from the top of the cup and she held her fingers up to show about a couple inches. I asked her why. She said in a very loud annoyed tone, “because the ice makes up part of the drink and if you have no ice, then that’s how much less drink you get.” Then she said, in a very annoyed loud tone again, “otherwise you have to get more milk and I have to charge you more for that.”"
J. K.,"Aiken, SC","Reviewed Aug. 30, 2018",1.0,"I very rarely drink coffee so I'm very particular. I only order two things from Starbucks, hot chocolate when it's cold or a double chocolate chip frappuccino. I have been ordering this same thing for years but the last 3 times my frappuccino has been wrong and each time they have told me something different. First time I politely went inside and told them that I didn't like my drink...guy apologized said he accidentally made a Java chip frappuccino and made me the right drink (my drink is actually a lighter color than the wrong one). Second time, same store, again I don't like my drink I'm polite but this time I'm told they accidentally used roasted coffee making the drink stronger... He remakes it again it's a lighter color and everything is fine. "
terry,"Bellingham, WA","Reviewed Aug. 3, 2018",1.0,"Between July 31, 2018 & Aug. 3, 2018, ordering MANY tall lattes for the current Starbucks Dash promotion. Out of 7 tall no foam lattes ordered in the drive-thru, received 4 with foam & had to send 3 back. Got home & saw 4th one had foam and the coffee was 1"" from the top of the cup. Have repeatedly sent email complaints to SB about this happening at this store for months prior, and occasionally get a free latte or a couple of dollars credit. Offending SB store: West Bakerview Avenue, Bellingham, WA. The last 4 wrong latte orders were fixed by the same blond, pony-tailed late 20's girl. Irritating - ripped off - cups not full, holds up the rest of customers in the drive-thru while remaking to my right order. Irritating waste of my time - DISRESPECTFUL TO ALL CUSTOMERS. Store manager needs to be replaced with a manager who will provide good customer service and drinks customers request/pay for."
Thasha,"Kennesaw, GA","Reviewed July 18, 2018",1.0,"Your mocha tastes like someone defecated in my cup and didn't even bother to warm it up. Before the racist incident I couldn't stand you all and the pretentious fools who think drinking dirty water is ""hip"" because it has a logo on it. I'm sticking with Caribou Coffee."
Maria,"Villanova, PA","Reviewed June 27, 2018",1.0,"Just wasted hours today trying to unsubscribe from Starbucks, which I would NEVER subscribe to, as I HATE coffee. First my ""online unsubscribe"" failed ""due to an error on their site."" Next, I sat in their online CHAT queue several hours, and when I was FINALLY number 1, they logged me out! This situation can be avoided by sending a simple confirmation email, BEFORE putting any email in their subscription list. NO excuse for this; I think they did this on purpose = SPAMMER."
Mary,"Baltimore, MD","Reviewed June 17, 2018",1.0,Hi. I had a very bad experience at the Starbucks on 200 East Pratt Street Baltimore MD at 9 pm on 6/16/2018. I asked for a cup of water and the young man behind the counter went off on me. He said they were closed and that he had a long day and doesn’t have time for this. The manager told him to give it to me. While he made it he continued to be hostile and belligerent. I’m still in shock.
David,"Del Mar, CA","Reviewed June 16, 2018",1.0,"I visit various Starbucks stores in my neighborhood of Del Mar, CA virtually every afternoon for an ice tea and a moment of relaxation to read and research. I am a well-known international businessman with an excellent reputation. Yesterday, while siting on the patio of the Del Mar Heights store (3485 Del Mar Heights Rd Ste A3, San Diego, CA 92130-2125) I was verbally accosted by both the store manager (**) and a man that I understood was an employee of Starbucks. The manager was in the midst of filing a report with a security guard at the shopping center when I walked up and asked if they were aware of an incident that I just experienced outside. The manager then said that I was “a ** old ** man, a ** and that I go there every afternoon hoping to get “lucky.”"
Keith,"Van Nuys, CA","Reviewed June 10, 2018",2.0,"Increase on cup of coffee June 2018 - Spoiled my daily intake (habit) of purchasing the tall (small) cup of Java for 1.95. 2.15 is too much already and I was a Gold Carder. Goodnight to the SBucks because it's just not really worth it. There's other coffee-places & get adventuresome and brew thy own at home before leaving every morning as alternative. I wondered why I was forking up the increase to the card more frequent during the past couple of weeks. Duhh, I never thought there was an increase and that's all I get there or that was what I always looked forward to and in this case, making my own's more like it anyway. (Just my own 20 cents noting on the increase to farewell-it)."
Christopher,"Seattle, WA","Reviewed June 5, 2018",5.0,"Starbucks on the Ave in the U-District is a big A+ for our community. Their service, food and beverages are top of the line. I love going in there to have some coffee and sometimes food and visit with friends."
M.,"Crescent City, CA","Reviewed May 31, 2018",2.0,"I know many gift cards are not refundable. But when there is a statement on the back of Starbucks gift card package as ""Refunds only provided for unused cards with the original receipt"" printed, I would expect there was a system in place to handle that. But I found that was not the case. I accidentally grabbed a gift card with wrong amount at Safeway. I tried to return it right away but Safeway said they did not give refunds for gift cards. I called Starbucks and was told Safeway should and I needed to talk to the store manager. Back at Safeway, I was told I needed to talk to Starbucks' customer service manager. Starbucks should change its policy to ""Gift cards are NOT refundable."""
Nikcko,"Lisle , IL","Reviewed May 22, 2018",1.0,"Spent almost $1,500 at Starbucks and didn’t gave me my rewards. Been a gold member on or before year 2011 but representative said there’s nothing they can do. I emailed the corporate 2 to 3 times but got nothing. What a poor communicator."
Shelley,"Stockton, CA","Reviewed May 17, 2018",5.0,This store (Fremont & Wilson Starbucks in Cali) is my favorite and they always have things right. The customer service is great and so are my drinks. I drive past 3 Starbucks that are closer to me to get to this location thanks to the amazing customer service.
Jason,"Bellingham, WA","Reviewed May 10, 2018",1.0,With all the talk in the news about torture I decided to google a video on waterboarding. Sadly the first thing I see is an ad for Starbucks. It's very disturbing to see these images affiliated with Starbucks. Please be more selective about where you spam people.
Sheryl,"Robbinsville, NJ","Reviewed May 7, 2018",1.0,"I am VERY upset with my experience today. I ordered a Americana at the drive through at a very slow time. I paid lady with app and then she disappeared, I waited extra long and then a man came and handed me my drink after someone else was behind me on the drive through. When I picked up my drink for first time while driving the lid popped off and the coffee spilled on my hand burning it, my lap, my envelope I was mailing with a check, my car and car seat. I am lucky I did not get into an accident. I called store and spoke with manager to tell her what happened. I am very offended by her response, she said sorry and explained how it could not possibly be their fault because they triple check the lid. OBVIOUSLY they did not and I should not have had to argue with her. "
Malinda,"Walnut, CA","Reviewed May 4, 2018",1.0,"I was in the drive thru at the Barranca Ave. West Covina Starbucks yesterday at 3:40pm. I was picking up 3 grande ice tea for coaches at a nearby high school baseball game. I asked to have each ring up separately. I was told that there is a limit of 2 transactions at the drive thru??? Funny, a week earlier I ordered 4 separate orders at the same drive thru without any trouble? The car in front of me had 4 separate transactions as I watched the customer have her phone scanned 4 separate times?"
Mari,"Jacksonville, AR","Reviewed April 15, 2018",1.0,"First of all I used to go to Starbucks everyday, but they just been too expensive and every time I go there was a mistake with my drink. To top it all they don’t give Military Discount! Now watching the news seeing 2 ** men arrested just definitely took my motivation to ever buy a drink from there."
Thaner,"Winnipeg, MB","Reviewed April 12, 2018",1.0,"Teach your employees ""moly"" that maybe they should learn the values of actually reducing. This is not the first time for me, but will be the last... of being disappointed over and over again from a GIANT corporation like Starbucks to so frequently produce so much waste. Me, enter Starbucks with own cup... order drink. Employee- uses Plastic Starbuck cup... mixes drink and pours it into my reusable mug..."
Cristal,"The Woodlands, TX","Reviewed April 12, 2018",5.0,"The flat whites provided at most Starbucks stores are delicious. They are creamy and dense and if made correctly, they will leave a nice layer of foam surrounding the cup. They are also great to make latte art with."
Angela,"Boise, ID","Reviewed March 28, 2018",5.0,"I have been visiting the Starbucks at Albertson's store on Lake Hazel Road now for over a year. I could not be more pleased with the wonderful customer service from all their staff. They are friendly, fast, accurate and always have the answers to any questions I may have regarding their products. A great experience each visit!"
Ellen,"Summerville, SK","Reviewed March 25, 2018",1.0,"Why do we continue to take the nonsense offered us by Starbucks??? Each establishment makes your drinks differently than the other. What is the problem with the training??? I tried to get online and request points be credited to my account and the site kept responding a no to access. So, I changed the password and once again ""no"" to access. Of course after 3X locked out for 24 hours. Really... it is a coffee company reward card... not a bank!"
Ingrid,"Orlando, FL","Reviewed March 24, 2018",1.0,"After seeing reloads on my account and then a $55 transfer, I called Starbucks customer service at 800-782-7282 and Debra advised that it will take 7-10 business days to reverse the charge off my credit account. Also, she couldn't tell me where the $55 transfer went to. Therefore, I escalated it to Shalene, supervisor, as I needed someone to resolve this charge in a more timely manner. She reiterated that since it was an online charge, it will take 7-10 business days to resolve it with my bank."
Jill,"Modesto, CA","Reviewed March 21, 2018",1.0,"On Friday March 16th around 3:30 pm I went to Starbucks drive-through on 800 Oakdale Rd., Modesto. I ordered a drink that was supposed to nonfat milk, but they gave me a drink that contained Almond milk. I am highly allergic to almond milk and I had to take emergency actions after taking one drink. The cup was not labeled or written on as their usual procedure. When I went back inside they said “oh sorry we gave you the car's drink that was behind. Here’s yours.” I informed them of the seriousness of their mistake. My hives have finally cleared up. I reported it to Starbucks and I have a case number. They need a policy to ensure they give customers the right order which could be simply restating the order before they hand it to the customer outside the drive-through window."
Bonnie,"Meridian, ID","Reviewed March 20, 2018",1.0,"Toasted Butterscotch Frapp is delicious!! Wish I could say the same about the sandwiches we bought this morning! Really VERY disgusting both to look at then spit out! Neither smelled good to begin with, and the buns on both were stale. Sausage was old on the chicken sausage biscuit, with no sign of chicken, unless you count a blob of goop! Bacon was not cooked properly on either that sandwich, nor the bacon egg cheese sandwich. Visibly inedible, we would not have risked the uncooked bacon and whatever other strange things were on there! Obviously, we DO want refund for this poor Starbucks ‘offering’. Unfortunately, did not have my Starbucks card with me, so had to charge Visa. Then the girl at the drive-thru window neglected to offer my receipt!"
Lynda,"Sudbury, ON","Reviewed March 14, 2018",2.0,"The Starbucks in Sudbury Ontario is a disgrace to Starbucks everywhere. It is old, outdated and dirty. The floor is worn out in places and doesn't ever seem to be cleaned. The countertop where the cash registers are is peeling - it looks just awful. The tables are small and wobbly. The fireplace is almost never on. The light fixtures and ceiling are full of greasy dust. It is horrible. The poor baristas who have to work there have my sympathy. Why doesn't this store have to clean up their act - and their store..."
Omar,"Jacksonville, FL","Reviewed March 12, 2018",1.0,"I am suffering from a health condition where I cannot have cheese in my sandwich. As Starbucks has no ""no cheese sandwich"" option I usually ask the serving barista to remove the cheese from the sandwich before heating it up. This Starbucks is located in University Blvd W. (32207) at Jacksonville FL. The Barista did not want to remove the cheese and when I asked her nicely to do so she started mocking me like a 6 year old kid (except in a psychotic way). Then to top it all she literally ""destroyed"" my chicken sandwich just because I asked her (nicely) to take the cheese off. "
Riley,"Memphis, TN","Reviewed Feb. 2, 2018",5.0,"I personally love Starbucks! I don’t usually get it that often but when I do I always get the same thing. I get a caramel frappe. Now here is the thing when you go to certain Starbucks locations. I usually go to the same one every time so they know my order, but when I go to a more convenient one for a quick drink they always mess up my order. That is not really a big deal but when they start getting angry with me I get upset. I can understand where they are coming from. But I always want to try something new but I am not sure if I will like it. And it would be a waste of money to buy something and not like it. I wish there was a way that you could sample a drink for free or little charge."
Jill,"Beverly Hills, CA","Reviewed Feb. 2, 2018",1.0,"This store has problems Manhattan Beach... Rosecrans and Douglas - From lukewarm coffee and soggy whipped cream to asking for a refill and upon showing gold card inadvertently charged on screen 1.99 purchase price by the male manager...to being told by Jenn barista to, ""Go away. We'll call you regarding winning a raffle..."" and as of today... briefly plugging in my travel blender to brief spurts of ten second noise so I can have a morning breakfast drink. Was again told by Jenn I was disruptive and could not plug it in at the table while noise from blenders in their kitchen blasted everyone's ears... contradictory. Coffee sucks along with the air conditioning and stupid request of a homeless kid to leave if he wasn't buying anything while homeless guy with dirty filthy backpack\surplus sack parks himself every morning at same table."
Nick,"Antioch, CA","Reviewed Jan. 15, 2018",1.0,"Double Charged - No Refund - No Accountability. Last Friday, January 12th, 2018, around 630 AM (PST) I bought my wife a Starbucks E-Giftcard. The amount was for $15.00. I have done this a few times prior and every purchase was without fault. Had my wife not called me and told me thanks for the gift card(s) I would have been none the wiser. I checked my emails and sure enough she was right. For some reason it duplicated my order. That means it charged me twice. I checked my bank account and it confirmed a double charge. I get it, mistakes happen. Obviously a system error. I called the phone # on the email and went through their horrible automated system that takes like 5 minutes to navigate. After locating the right department I was on hold for about 5 minutes just to hear the representative say I reached the wrong department."
Guner,"Miami, FL","Reviewed Jan. 14, 2018",1.0,"Starbucks, 19127 Biscayne Blvd (Aventura), Florida - This place is located in the one of the beautiful locations at Aventura Florida but it is so dirty and nasty. The are never empty the trash outside during the day or clean the place. Complained many times, send to Starbucks letters with pictures attached, asking for action. Nothing been done."
Pati,"Texas City, TX","Reviewed Jan. 5, 2018",5.0,The Texas City Starbucks has the best people working. They are always friendly and helpful. But the morning staff goes above and beyond even at their busiest times! Food is excellent.
Judy,"Marlboro, NJ","Reviewed Jan. 5, 2018",4.0,Service and quality of foods were good in Starbucks. Clean place to eat and drink. We didn't have to wait too long to get helped. Many items were available.
Nancy,"Williamsport, PA","Reviewed Jan. 4, 2018",4.0,"The staff was very helpful in my selection of the ice coffee, never order one prior to this visit. Great experience. Very friendly and professional plus the drink was great."
Joseph,"Escondido, CA","Reviewed Jan. 3, 2018",4.0,"Great coffee selections, the food could use some improvement based on what I have tried. I believe that is premade and stored in a refrigerator and then taken out and warmed up later."
Claudia,"San Diego, California","Reviewed Jan. 2, 2018",5.0,"Fantastic, outrageous and love it. The most delicious thing I have tasted out of all coffees. This is the best one. Thank you for making it nice to enjoy."
Kimberly,"Las Vegas, NV","Reviewed Jan. 1, 2018",5.0,"The staff is incredibly friendly & helpful, making an effort to know everybody & how they like their purchases. They are fast especially with the mobile orders."
Gina,"Buffalo, Wyoming","Reviewed Dec. 31, 2017",5.0,It was a good introduction to the world of coffee beyond Folgers; now I brew my own from gourmet coffees obtained online and elsewhere. I sometimes stop at a local kiosk; I've pretty much stopped going to Starbucks.
Kathryn,"Fair Oaks, CA","Reviewed Dec. 30, 2017",5.0,"The coffee drinks are the best in this area, the food is ok! The muffins and yogurt are awesome, the drinks great. I did not like the smoothie (strawberry)!"
Janice,"Fresno, CA","Reviewed Dec. 29, 2017",4.0,"I like Starbucks. Their restaurants are clean, quiet and the selection of coffee, tea, and food items is good. They are a bit pricey so I don't make going there a daily habit, but when I do go I enjoy it."
natesha,"Roanoke, VA","Reviewed Dec. 28, 2017",4.0,"Expensive but good drink, I like the food but not a big variety. There are plenty of locations near me. There's always a new drink coming out, I use gift cards or I would not go at all."
Bridget,"Chesapeake, Virginia","Reviewed Dec. 27, 2017",4.0,I feel that they have more breakfast items than nice good lunch items. A few years back they use to have a good selection on salads and sandwiches. Please bring back the salad with grilled shrimp and the turkey sandwich.
Charles,"Caronort, Saskatchewan","Reviewed Dec. 26, 2017",4.0,"I used to visit Starbucks regularly on my way to work and purchase coffee and sometimes the oatmeal raisin cookie via the drive-through, but I noticed a difference in coffee taste, and discovered that Starbucks was no longer providing 18% cream with the coffee. This made a huge difference for me. I contacted their head office, but did not receive an adequate reply, so now I buy my coffee elsewhere through another chain which has an outlet across the road."
Katsy,"Columbia, South Carolina","Reviewed Dec. 25, 2017",5.0,I am a long time Starbucks customer and have really enjoyed the tea options this year. I like the many different sandwiches and snacks as well as the ones for breakfast. I like the frappuccinos but mainly the caramel one. I wish they had more flavors without chocolate or mocha as that does not agree with my digestion. I have been to many cafes and have not found them all as friendly as the ones in my hometown or as clean. I also find it disappointing that the Barnes and Noble Starbucks does not take the card so you miss out on points.
Chereece,"Jacksonville, FL","Reviewed Dec. 24, 2017",5.0,The customer service is also great. Will make the coffee as you wish. Even willing to help you decide what you want or try come close. The food is okay. Pastries are Great...
Ricky,"Roanoke Rapids, NC","Reviewed Dec. 23, 2017",2.0,I like coffee with just a bit of cream. Not all this flavorings with high fructose corn syrup. When you receive an iced drink you receive a full cup of ice with little drink in it. Coffee is too expensive. Rather go to a cafe and always receive free refills. Won't happen there.
Barbara,"Roseville, CA","Reviewed Dec. 22, 2017",3.0,Good choices but need not to run out all schedules not the same. My breakfast hours are later than business folks or school children who frequent the area restaurant.
Jeff,"Yucca Valley, California","Reviewed Dec. 21, 2017",2.0,"Starbucks is not taking responsibility for stopping franchisees from blocking access to updates for operating system security from Microsoft and others. This makes the store a haven for thieves and hackers that victimize customers. A boo and hiss is in order, go to McDonald's instead."
Justin,"Las Vegas, NV","Reviewed Dec. 15, 2017",1.0,In my area I am having consistent problems across all stores. The coffee never seems to taste right. I call the 800 number. They apologize and give me a nominal credit. It's ridiculous. I must have called their corp office at least 50 times. What does it take to get your stores trained to make a cup of coffee properly? You are a coffee company after all.
Paul,"Eau Claire, MI","Reviewed Dec. 6, 2017",1.0,"Dear Starbucks Team, received poor service in the O'Hare Oasis on Thursday, Nov 30, 2017. Not only was I sold a bag of goods; the attendant told me that with over $20 I would receive $5 back, so I dutifully ordered another $4,50 item to reach the amount, to which she said, ""Sorry the cash register didn't work. I can't make good on the offer!"" What??!! Seriously??! Are we in the US? Then I could get a receipt (for my expenses) because the same attendant threw out the receipt without asking and wasn't willing to get it or print another one? Seriously??!!! To make things worse my venti caramel macchiato which I needed after 20 hours of flight time, didn't get made. Sorry?!!! ""That 's what y'all call ""service""?!! I'm never upset and rarely served poorly in your stores but this one is an exception that drove me to write you. Hope you fix your problems. I'm done with y'all."
Karen,"Saint Joseph, MO","Reviewed Dec. 3, 2017",4.0,"Absolutely adore Starbucks coffee, whether bagged, brewed or K-cups. I sometimes have to wait five minutes for a 'pour over' since I often order decaf or 1/2 caf. That I don't understand, especially since it's late afternoon or early evening, when decaf would be needed. However, the coffee is wonderful, service done with a smile and the store atmosphere is welcoming."
Brent,"Newnan, GA","Reviewed Nov. 27, 2017",5.0,I Go to the Starbucks in Newnan Georgia (#8569) Just about every day. I want thank Dilland (assistant manager) for always taking good care OF me. He even knows me by name. This is why I come here so much. Thanks.
Patrice,"Douglasville, GA","Reviewed Nov. 22, 2017",1.0,"It seems as though Starbucks are forgetting that customer service and respect is the basis of any business. The locations are now making bad cups of coffee, being disrespectful to customers, and if you complain they have a nerve to want to argue with you. The managers are just as unprofessional as the baristas. The management only want numbers for their store not good customer service. I have been a loyal customer of Starbucks for years but I am done with this type of treatment. Taking my business to Panera Bread. At least I am treated respectfully and they correct errors."
Art,"Anaheim, CA","Reviewed Nov. 22, 2017",1.0,"I received my bank statement and noticed two back to back unauthorized charges for 50 dollars each. I have called Starbucks over ten times to get this resolved. Three times they hung up on me. The rest were a mix of random options, none of which has seen my money returned. I don't drink coffee nor have I ever had a Starbucks card. They have said that my bank has to do a recharge for the amount, when asked why they could not do it, they responded by saying they do not have my credit card info. I attempted to provide it they said no. I asked them how did they take my money and not have my info."
Chris,"Colorado Springs, CO","Reviewed Oct. 30, 2017",1.0,"Starbucks is getting more and more pricey for a bad cup of whatever you drink. Everyone is sucked into this need to spend half your paycheck for a bad cup of Joe. Just because it's trendy. The quality of service and product has drop over the years but the price keeps going up, up, up. I am coming from a place where I see my wife spend hundreds a month on her favorite a Chai tea. The thing that gets me is they never ever get it right when she orders. Ever. 99 percent of the time they forget to put the whip cream on even when she says ""Don't forget the whip cream."" Or it will come warm not hot. Think about it. A drink that cost $4.80 you think you could at least make it right. Just so done with paying their prices for a sub par at best drink."
Dan,"Gilbert, AZ","Reviewed Oct. 26, 2017",1.0,"Well, I have had a lot of issues using my Starbucks card. I called customer service to get a new card over a year ago and never received my card. I didn't have time to call and get a new card so I just didn't use it. Also, your customer service is God awful and I am upset that I go to Starbucks every week to get a coffee, as well as, my wife and I am never able to get the point. Next, I was never able to use my card on my birthday because it would not register that I have a free birthday drink. Thanks for that. It's just disappointing that this company can give two ** about the customer. Thanks for the ** service over the years. Lastly, try to get employees that have a better outlook on life. They all seem to be depressed. Thanks or should I say, ""No thanks."""
Katrina,"Kirkland, WA","Reviewed Oct. 25, 2017",1.0,"I called customer service to ask them to add my receipt from the store so I can have a stars added to my account. I explain to the representative that I left my phone at home that's why I have to pay cash. And his response was rude, well it's a one-time thing and it's my fault that I left my phone home. Seriously!!! This is how you treat a customer who spends thousands of dollars a year for coffee and food at their place! Never going back to Starbucks again, I don't want to deal with people like that when I need help! and it's not like I was asking for free stars or rewards, I pay my money and I want my stars to be added to my account!"
Ken,"Fullerton, CA","Reviewed Oct. 21, 2017",1.0,"Starbucks stores are freezing!! Especially on days where the temperature is between 60-80 degrees. I've complained on at least 3 occasions, but their temperature controls for AC are in Seattle. Unbelievable. Furthermore, coffee is bitter (most of my friends agree) and the app is full of glitches. Another example of how corporate offices can be out of touch with customers."
Pat,"Lorton, VA","Reviewed Oct. 12, 2017",1.0,"Bought the Milk Frother at the official Starbucks website. Had been a client for years. Paid twice as much as similar product on stores because I thought that a company like Starbucks would check the quality and consequently back up their providers, all to find out that the product is of a very poor quality. Used it for not more than 20 times, paid $59.95 + Tax for a product that didn't last at all. When calling Starbucks customer service, they need all sort of information, to corroborate that it is actually one of their products. "
Donald,"St. John's, NL","Reviewed Oct. 9, 2017",1.0,"I went to a Starbucks and asked for a small coffee. The clerk taking my order began to educate me about what the sizes of cups were called, what a barista was and what Starbucks represented. I indicated to him that I did not want to learn any of what he was telling me, that I felt no compelling need to learn their corporate culture and that, please, may I have a small coffee. He became bellicose. I assured him that he would not suffer my presence in his coffee shop in the future. I won’t be back and BTW, the coffee tasted burnt."
Steven,"Van Nuys, CA","Reviewed Oct. 7, 2017",1.0,"I find the overhead music to be offensively pervasive and berating common intelligence most of the times with the unknown artist’s lyrics. The lyrics are very antagonistic and condescend the listener's (in this case mine) feelings, thoughts, and activities leaving me to personally feel attacked and vulnerable to the programming it’s perpetrating in my unconscious mind."
Linda,"Chantilly, VA","Reviewed Oct. 4, 2017",1.0,"I received a promotional email to buy $10 eGift card through Visa checkout and receive a $10 eGift card in return. It's been over a month and I was told I would receive it on Sept 30, 2017 but I still have not received it. My son also bought into this promotion and has not gotten his either. After several calls Starbucks said first that it was sent and then another rep said they only gave it to a few people and a third said they don't see our order even though we had confirmation numbers from Starbucks. It is false advertising and a scam. The reps will not help us or give us our money back. Visa checkout won't help either because they said it's Starbucks' problem not theirs. Isn't false advertising against the law? Hate Starbucks and will not go there ever again. I just want my hard earned money back for me and my son."
Johnny,"Kamloops, BC","Reviewed Sept. 28, 2017",1.0,The stores can make their own rules which contrast with corporate policies and the Head Office don't even care about it. We even showed the store manager about the policies but they're ignored. We spent so much money to get to gold level and got my benefit waived because of their inconsistency. I never got any phone call from their manager to explain why they did it. Such a big disappointment for a big company.
Susan,"Albuquerque, NM","Reviewed Sept. 17, 2017",1.0,"Starbucks sends out an email indicating, ""You are upgraded to a gold card."" Woohoo. They say they offer you a free drink or food item of your choice, yet at the counter they deny it. Really. These programs are only gimmicks to get you in the store and spend more money. Every stupid retailer or restaurant engages in this tactic. A pizza place offers you a free personal pizza but the clerks push drinks and other crap on you. You spend more than the free personal pan pizza. Stay away from these gimmicks. I'm tossing the card out. And, a big reason why we have the health problems related to diabetes and obesity in this country is due to these designer coffee drinks. Do you really need a coffee with lots of high calories and sugar, milk, whipped cream and other garbage? One drink has around 64 carbs. You are better off eating a slice of pie. Save money and skip the designer coffee drinks. Skip the so-called rewards."
David,"St. Paul, Minnesota","Reviewed Sept. 15, 2017",5.0,They never get your drink wrong. Employees are very friendly and professional. Great selection and always list calories and ingredients. Not last a nice place to read and enjoy the atmosphere.
Melody,"Simpsonville, South Carolina","Reviewed Sept. 15, 2017",5.0,My husband goes in there to get latte. There's not much I could get because of being borderline diabetic. I wish they had nutrition posting such as carbs for everything they have including drinks.
shawn,"Salem, OR","Reviewed Sept. 14, 2017",1.0,"I've always loved Starbucks because they were nice and clean. I assumed buying items would come with reasonable return policy because the quality seemed high and the prices too. My wife bought me a coffee grinder for Christmas in 2016. The blade came off this morning and I thought it would be easy to return, I carried it all the way downtown and asked them if they had any warranty with things they sell, they were rude, accused me of stretching the dates and implied I was unreasonable to expect a grinder to work more than a few years even though the truth is I hardly ever used it. They said they would give me the customer service phone no. and I waited 20 minutes for that. Then I waited for 20 minutes minimum for a person, my ear was sore from the cell phone, I switched ears and talked to the rep who said ""ALL items are only returnable for 30 days"" with receipt."
Linda,"Cambridge, MN","Reviewed Sept. 14, 2017",4.0,"I am pleased with the number of selections available and the customer service. They will offer suggestions too. I wanted a beverage with chocolate, so they had suggestions for me."
Toby,"Coconut Creek, Florida","Reviewed Sept. 14, 2017",5.0,"Love the choices of hot and cold drinks. There's enough variety on breakfast and lunch items to fit anyone's palate. Customer service baristas are great, efficient, knowledgeable and get everything quickly done."
Grant,"Red Deer, Alberta","Reviewed Sept. 14, 2017",5.0,The coffee is next to none and the treats and food are very good also.The staff are all knowledgeable and friendly. They all know what I want before I ask for it because they all know me. I think that's awesome!
Cathy,"Medfield, MA","Reviewed Sept. 13, 2017",5.0,"Quality is excellent. No other place has a vanilla chai with such robust flavor and it is consistent in every Starbucks I have visited from the US to China to Australia, although they are hard to find there."
April,"Orland, CA","Reviewed Sept. 13, 2017",4.0,I have only purchased their coffee. Their prices are a little expensive for my taste. I have gotten gift cards from friends for Starbucks and have enjoyed trying out different coffees. Most every town has a shop there so it is easy to find.
Anita,"Framingham, MA","Reviewed Sept. 12, 2017",4.0,Terrific espresso - strong but not bitter! Also very friendly and dedicated baristas. They remember my name and my drink! I just wish there was more seating at each Starbucks store.
Anna,"Tujunga, California","Reviewed Sept. 12, 2017",5.0,"The products are consistent, the servers polite, the atmosphere pleasant. I can rely on Starbucks provide me with good coffee. Most of the time, I prepare my own coffee at home. Starbucks is a treat!"
Darlene,"Mobile, Ala","Reviewed Sept. 12, 2017",5.0,Excellent place to eat. Atmosphere is very relaxing. Would recommend anyone to eat there. Will be going back very soon. Love the variety of food and beverage.
Linda,"Pearlcity, HI","Reviewed Sept. 11, 2017",3.0,"I would like the menu for lunch to be expand, they seem to be catering to more breakfast food than lunch. Some people like the atmosphere so they come during lunch and have coffee but there's only a few good sandwiches on the menu. My favorite is turkey pesto."
Rev.,"Bishop, CA","Reviewed Sept. 11, 2017",5.0,"Food and drinks are excellent, and priced that way. Customer service is also above par. The store has an automatic door opener for wheelchair users, which I appreciate. The store is always clean and well-stocked."
Alana,"Encinitas, CA","Reviewed Sept. 10, 2017",4.0,"There are only several food items that I get, the price could be lower, they are tasty. They could use more healthy options that are not pre-made boxes. Drinks are good but could use slightly lower price point."
Phyllis,"Citrus Heights, CA","Reviewed Sept. 10, 2017",4.0,"It depends on the management of each establishment as to the quality of service, the friendliness of the employees and cleanliness. It's always nice when the employee gets your order correct."
Christine,"El Paso, TX","Reviewed Sept. 9, 2017",1.0,When you get a good Barista you get a good drink but those are hard to come by at Starbucks. Now if you ask them to remake your drink some of them are okay with it but others have a lot of machismo or just way too much attitude. The consistency of the drink tasting as it should from different locations is rare here in El Paso. If I would recommend anything I would recommend Mesa Street in the Westside. There's a girl there by the name of Vanessa. She's actually a great barista.
Gene,"Albuquerque, NM","Reviewed Sept. 9, 2017",5.0,"Starbucks does a great job of getting to know its repeat customers, their regular orders, and calling them by name. They make you feel like a valued customer!"
Oluwaseyitan,"Calgary, AB","Reviewed Sept. 9, 2017",4.0,"On my birthday, I got some treats at Starbucks, I wanted to get coffee but the staff help me choose something better, green tea latte. They were very kind and helpful which contributed to my birthday. The latte was also really good, my first green tea latte."
Hugo,"Pacoima, CA","Reviewed Sept. 8, 2017",5.0,Phenomenal customer service is the key for success and they got it down Patten. Every time greeted with a smile. Coffee second to none. Good breakfast sandwiches.
L.,"Fraziers Bottom, WV","Reviewed Sept. 7, 2017",5.0,"I like the rewards program and the variety of drinks and specials. They have a good attitude, always ready to serve and make the drink the way you want it."
Bob,"Saint Louis, MO","Reviewed Sept. 7, 2017",5.0,Starbucks coffee consistently is excellent; breakfast sandwiches are large and delicious; lunch options are less appealing because of esoteric offerings;  employees appear engaged and customer-focused.
ROBERT,"Fort Myers, FL","Reviewed Sept. 6, 2017",4.0,"I am addicted to Starbucks coffee. Very unmotivated staffs though. If you walk into any Starbucks, you will encounter a variety of “cool nerds” with absolutely no awareness of the customers' time. More often than not, I get to relive whatever dysfunctional evening/weekend experience discussed/debated between the employees as the line grows and people question themselves as to why they keep coming back. It's the coffee. I even grind Starbucks French roast at home daily."
Mary Cay,"Murrieta, CA","Reviewed Sept. 6, 2017",5.0,"I am always impressed with the customer service at Starbucks. I have always been treated very well at each store I have visited. I enjoy the food too. Most of the time it is very good. Occasionally, some of the bakery items are a bit dry from being exposed to open air."
Jennifer,"Phoenix, AZ","Reviewed Sept. 5, 2017",5.0,I shop at Starbucks on a daily basis. I have a serious addiction! My local place is fantastic however some of the others leave much to be desired w/ Customer service.
Sylvia,"Peoria, IL","Reviewed Sept. 4, 2017",4.0,The staff are very friendly and they are fast at getting what you want. The staff make accomplished accommodation for the customers. I really like Starbucks. They’re friendly and the atmosphere is very appealing to me.
Elizabeth,"Castle Rock, CO","Reviewed Sept. 4, 2017",4.0,"The only one piece of advice for Starbucks, apologize to customers when they are kept waiting. Other than that, you have the best coffees and most innovative sandwiches."
Kimberly,"Columbus, GA","Reviewed Sept. 3, 2017",1.0,"Yes I was at the Starbucks in Fort Benning, GA yesterday 09/02/17 and ordered a two White Chocolate Mochas and at first they were served to me cold after paying $13.00 for 2 cups. Then the other coworker remade them and they were still cold. I will continue to visit our Circle Ks here in Columbus, GA and pay 0.99 for a medium cup of GREAT coffee. This is beyond ridiculous. I will never give Starbucks any of my money."
Sue,"Vienna, VA","Reviewed Sept. 3, 2017",5.0,The product is always consistent and good quality. The customer service is dependable and highly competent. You can always count on a good product. They are available and easily identified.
Josie,"Cerritos, California","Reviewed Sept. 3, 2017",4.0,"I love the fact that you can usually get your favorite sandwich with your drink, what I don't like is when you go and try to get this one sandwich (chicken BLT) and they tell you either they don't have any or they discontinued that one. Please it must be a popular sandwich cause they were out so why discontinue."
Keith,"Redding, California","Reviewed Sept. 2, 2017",5.0,The star quality of the service that Starbucks offers is fantastic. They usually have your order out in quick fashion. Recommend this chain if you are looking for great coffee.
Terry,"Placerville, CA","Reviewed Sept. 2, 2017",5.0,When you go to a Starbucks you can expect quality service along with a good cup of coffee. Mochas and frappuccino drinks are consistently good. Most of food and/Or baked goods are very good and reasonably priced.
Kirita,"Compton, CA","Reviewed Sept. 1, 2017",4.0,"Customer service is wonderful although a few times were not but overall great. Facilities are clean and free wifi is also a plus. Food and drinks is just a wee bit high but, I do enjoy Starbucks."
Lori,"Rice Lake, Wi.","Reviewed Sept. 1, 2017",5.0,"I love Starbucks! Unfortunately I don't have one in my area, but I travel a lot and know where each one is along my routes. Every Starbucks that I have traveled to has always been clean. The staff is always smiling and kind, even when they are super busy. They all seem to have fun and work together as a team, and I can laugh with them. I love the variety of coffees and always try the newest flavors! And of course I have to try a little sweet treat, unless I have to sit down for some wi-fi, then I'll have a sandwich too! Their food is delicious, but a few times there is nothing left, which does bother me, especially when it is only 3-4 pm. Other than that I enjoy the atmosphere and everything else about Starbucks!"
Mary,"Pequea, PA","Reviewed Sept. 1, 2017",5.0,"No matter where I have been in the country/world & went into a Starbucks I have always received the same great, friendly customer service. Their products always look fresh & appealing. Their coffee is second to none!!! The team members look like they really enjoy being at work and part of the Starbucks team."
Justin,"El Cajon, CA","Reviewed Aug. 31, 2017",2.0,"Although the quality at Starbucks is currently rewarding for me in the meantime, however after witnessing disconcerting and unprofessional from one to two employees at the Rancho San Diego Starbucks located next to Petco. During May 2017 one employee who goes by the name Miranda eventually her getting more complaints from customers along with me getting the orders wrong and accused me not once but twice for harassment in addition that she frames one employee for the issues while ultimately accusing with an employee going by the name Ashley accusing me of scaring kids! Very poor quality! "
Wendy,"Austin, TX","Reviewed Aug. 31, 2017",3.0,I have not been there in a while. Last time I went the service was horrible. I got a cake ball and a steamed milk and it took forever and they forgot all about our order. I had to complain because it took 30 minutes to receive steamed milk and they were not busy or short handed.
Jack,"Marana, AZ","Reviewed Aug. 31, 2017",3.0,"Starbucks their daily coffee is good but not great, I will order a small coffee black with no cream or sugar. I like the taste of it that way, their baristas are efficient but not very friendly, I think Peet's is a better coffee but they are not very many of them in AZ."
Melissa,"Freeport, Maine","Reviewed Aug. 25, 2017",4.0,"There are many choices of tea and coffee both hot and cold on the menu. The coffee is fairly bold and aromatic. Pastries, yogurt, and light morsels fit the bill for a light meal - the baristas are quick and efficient. Definitely my favorite coffee stop!"
Linda,"Knoxville, TN","Reviewed Aug. 25, 2017",4.0,"I have lived abroad 10+ years and having a Starbucks nearby was a touchstone to the US. I have seen that Starbucks provides more than coffee and muffins - at times it provides a safe haven to be left alone. Although I currently live in the US (Tennessee), I regularly travel to other states. I base my ratings upon observations of many Starbucks' locations in and out of the US."
Susan,"Sag Harbor, New York","Reviewed Aug. 25, 2017",3.0,"Their coffee is somewhat bitter and is very overpriced. In addition, I would like to see more gluten-free, or at least wheat-free, items on the menu. The advantages? Customers can take their time enjoying their food and beverages if they choose to do so on premises, and nobody hassles anyone to move along. Perhaps if Starbucks paid their baristas decent wages, employees wouldn't feel compelled to put out a tacky and obnoxious tip jar, something customers have been seeing more and more of in places that don't offer table service! Did Starbucks start this annoying trend, or just encourage it?"
Dan,"Florence, OR","Reviewed Aug. 24, 2017",1.0,"The employees seem to have the same far left elitist attitude as the CEO and general direction of the company. Why anyone would spend $5 on coffee escapes me? For that $5 I can get a pound of coffee beans, store them in a vacuum container and grind fresh coffee every morning."
Patricia,"Lincoln, CA","Reviewed Aug. 24, 2017",4.0,"I usually receive great service. I've only tried a few of their food items and they were ok, nothing to write home about. Normally I just get coffee or tea."
Suzanne,"Woburn, MA","Reviewed Aug. 23, 2017",4.0,"I like Starbucks, hate the prices but love the service. Wish they had a bigger selection of munchies and sandwiches. The baristas try very hard to get your order right and correct any mistakes without rancor."
Ken,"Palm Desert, CA","Reviewed Aug. 23, 2017",1.0,They suck. They are awful. They charge too much. They are terrible. I will never go there again. The food is putrid and the coffee is terrible.  Started going to Dunkin' Donuts and they are great. What a pleasant surprise. I will never spend my money in Starbucks again.
Gail,"Anthem, AZ","Reviewed Aug. 23, 2017",5.0,"Although I'm not a fancy coffee drinker, I love their breakfast offerings and their bistro boxes. Very fresh and healthy and a good value. I love looking around at other items, too, like coffee mugs, candy, and other sundries."
Suzanne,"Rayne, LA","Reviewed Aug. 22, 2017",3.0,Coffee is very expensive --- I will stay home & make my own w/ Some of the best in this state: Mello Joy Coffee. The ones I do like/Love are so full of calories I cannot see the advantage to have 1 cup as opposed to a meal somewhere.
T,"Mesquite, NV","Reviewed Aug. 22, 2017",4.0,Way too slow. Customers ordered quick stuff shouldn't wait in line behind those people ordering coffee/food that takes a long time to order and make! Starbucks has been extremely remiss in not resolving this problem for a long time!
Terrell,"Chicago, IL","Reviewed Aug. 21, 2017",1.0,"Starbucks# 2949 Manager refused to give her last Name. Sounded like she said her name was Edie. This store has flies flying around in the pasture bin. After, I alerted the Manager of this problem, she acted like this was no big deal. If this ok, I can't imagine what the kitchen area behind closed doors looks like. I will never order anything to eat from Starbucks again."
Laura,"Sydney, NS","Reviewed Aug. 21, 2017",5.0,I wish their menu had more selections. Also some of the staff need to listen to their customers! I truly enjoy the chi tea and a few of the other things on the menu.
Ellie,"Fargo, ND","Reviewed Aug. 21, 2017",5.0,"Neighborhoods usually improve with a Starbucks around. They offer great meeting and collaboration space. Usually a cozy ambiance. But they could use more nondairy, alternative sweetener options."
Roberta,"Pasadena, CA","Reviewed Aug. 20, 2017",3.0,The chain has grown too fast. The service is horrible and the drinks are sugar filled. The coffee is bitter and inconsistent. I get staff members who try and friend me on Facebook. Strange at best. Overpriced and not even good.
Eric,"Houston, TX","Reviewed Aug. 20, 2017",4.0,"A little expensive, sometimes slow service and/or long waits, and sometimes dirty, but people still go there. I tend to go when I have time to sit down and visit with people or do some reading. But careful with the blended frozen drinks, unless you're not worried about calories. Also their espresso and iced coffee tends to be a bit on the bitter side."
Gaile,"Aurora, Colorado","Reviewed Aug. 19, 2017",5.0,The service at most of the locations we have visited has been very good. Our local location knows our name and what we usually order. The staff is well trained in customized orders.
Barbara,"Macon, GA","Reviewed Aug. 19, 2017",5.0,Starbucks not only has a wide variety of great coffee but it has the most tasty and healthful food choices. I also like the products it sells and go there for small hostess type gifts.
Sean,"Kansas City, MO","Reviewed Aug. 18, 2017",4.0,"I went there was a friend, we went in there and got two drinks both of them iced or Blended. Basically we got to Frappuccinos. They were very considerate. Very patient while we ordered. And had a great attitude. However they did mix up the drinks. I was lactose intolerant and they put regular milk in besides soy. Fortunately though they caught it and fixed it. And the service was very fast."
Margaret,"Jacksonville, FL","Reviewed Aug. 18, 2017",4.0,"Their service on the drive thru is usually very slow and what they give you on the sandwiches isn't worth the amount of money they charge, you'd be better served going to McDonald's."
Gwendora,"Hawthorne, CA","Reviewed Aug. 17, 2017",5.0,You never had this tell Starbucks twice what kind of coffee you want. I like the caramel coffee and scrape and it's always that way and always has been that way.
Lynne,"Cranston, RI","Reviewed Aug. 17, 2017",4.0,The coffee is so strong I can't drink it. Other drinks like apple cider are fantastic and the dessert options are fabulous. It must seems to be extremely strong coffee that leaves bitter taste in your mouth.
Sz,"Piitsburgh, PA","Reviewed Aug. 16, 2017",4.0,"Coffee is always fresh, and all the staff courteous regardless of crowding; menu could be expanded but it is not really intended to be a full service restaurant."
James,"Montgomery, Michigan","Reviewed Aug. 16, 2017",4.0,"Good amenities but overpriced. Promotions are costly. 125 dollars+- to obtain free beverage. Bonus stars can only be used on food items prepared and served...not on products sold to be consumed or used...ie coffee beans, cups etc."
Leslie,"Carmel, IN","Reviewed Aug. 15, 2017",5.0,"Starbucks has consistent product, pleasant and professional employees and they work hard to keep the pace of the customer needs. The locations are convenient and you always know what you are going to get, along with their guarantee offering to replace an unsatisfactory order."
Danyele,"Sacramento, CA","Reviewed Aug. 15, 2017",5.0,I like the way the set up is in the store and also the ambiance. The staff are nice and courteous. I like the different drinks and food items that are healthy choices.
Cynthia,"San Pedro, CA","Reviewed Aug. 14, 2017",3.0,"Ice coffee very bitter and day old. Food displayed looks old and process ready for their microwave oven. Staff are friendly & busy, hence tables and chairs not maintained throughout the day."
Kurt,"Laguna Beach, CA","Reviewed Aug. 14, 2017",1.0,Better coffee made at home. Unknown why people pay high prices for high fat drinks with poor service. Does anyone have imagination to see a bad deal when presented with it?
Sue,"Westbury, NY","Reviewed Aug. 13, 2017",1.0,"I'm tired of spending $5 on coffee and not being able to drink it! I ask for an extra shot in my latte very rare do I get it, I pay for it, they forget to put it in. I don't want it milky, I get skim milk and three shots. One would think you could taste the coffee! I got to the point of not buying it daily once in a while and I taste and have them remake it if it isn't strong. They tell me it's the machine, they are not all the same!!!"
Angeli,"Santa Monica, CA","Reviewed Aug. 13, 2017",3.0,Starbucks at an airport is not of the same quality in coffee or food selection when compared to non-airport branches. Do not go to an international based Starbucks with the same expectations as the USA.
Nancy,"Fullerton, CA","Reviewed Aug. 13, 2017",4.0,The mobile order is very convenient and customer service is consistently good at most locations (although I have a specific store I am loyal to when not traveling). Their prices are ridiculous for their specialty drinks but I generally prefer my coffee unadulterated. Also I do wish their non-dairy milk choices and whip cream did not contain carrageenan.
Mai,"Milwaukee, WI","Reviewed Aug. 12, 2017",5.0,Great service. Never have problems with this chain unlike McDonald's or Burger King. However it is expensive. I cannot go there daily and too much calories.
Martha,"Desert Hot Springs, CA","Reviewed Aug. 12, 2017",4.0,"Starbucks in Cathedral City Ca needs more baristas. Service is very slow. I also wish they had more salads and greens instead of pastries, sugar, and even more carbs. The ambiance is generally good, which is why I return. There is a Starbuck's in Desert Hot Springs where I live, but it is too small, doesn't have enough tables, and store layout isn't good. Same general problems with menu, but coffee is always good at both places."
Rebecca,"New York, NY","Reviewed Aug. 11, 2017",3.0,Good coffee choices although the coffee is better and cheaper at McDonald's or Dunkin. Good bagels. Food choices are not great but they'll do. Biggest plus: the staff are intelligent. Biggest minus: people (often young and healthy) hog seats without consuming food. And there are too few senior friendly seats (chairs with backs that are a normal height so that your feet can touch the floor).
Brad,"Elk Grove, CA","Reviewed Aug. 11, 2017",3.0,Starbucks employees that gotten out of hand. They try and act too cool and they think that they're above a lot of people don't like the attitude there. Too pompous and if you're undecided on what to get they don't want to really help you. Understand that they're a busy place but attitude to make a big difference.
Soose,"Northport, NY","Reviewed Aug. 10, 2017",5.0,Even with a limited selection I usually find something worth having. It's enough to fill the void with something nutritious and tasty. And then I like the tea.
S,"Beaver Falls, PA","Reviewed Aug. 10, 2017",5.0,"I'm a Starbucks junkie! Absolutely great customer service at each location I've visited. Expensive, but you get what you pay for. Kudos to Mr. Schultz for his continual brilliance."
William,"Rancho Cordova, CA","Reviewed Aug. 8, 2017",1.0,"All of the Starbucks stores are filled with houseflies, which spread many diseases. There are many ways to get rid of flies, such as flypaper, but Starbucks is not interested. I complained to them a long time ago about excessive flies in their stores, but nothing was done."
Elias,"Oakland, CA","Reviewed Aug. 8, 2017",1.0,"Lady who works there would NOT let me use the restroom for customers today August 7, 2017. I gave her $20.00 to hold as a guarantee that was ordering a grande Soy Latte. She refused. Everyday for years I go to Starbucks at least once a day and spend at least $5.00 but this lady who was working refused to let me use the restroom. Terrible feeling. Somebody needs to talk to her and give her appropriate training."
Kathryn,"Long Beach, CA","Reviewed Aug. 3, 2017",1.0,"Was charged for a regular coffee instead of a free refill. I'm a gold card member and therefore receive them free. I didn't notice till I checked my acct because this store had just allowed another customer to terrorize all of the other Customers at this location and didn't do anything until he made a sexual comment to an employee. Typical, Starbucks doesn't care about their customers only the money. The customers had to call the police and ask for assistance because Starbucks didn't want to be bothered. They didn't want to draw attention to themselves with having the police showing up at their store. They would rather have another customer assault the other Customers than provide a safe environment."
PJ,"Lima, OH","Reviewed July 29, 2017",1.0,"Had the displeasure of getting coffee at Starbucks in St Rita's (Lima) this morning & wish I'd just gone to McDonalds or anywhere else! 2 young ladies working & hard to tell who wins award for poor customer service. No greeting, no thank yous so I made sure to give both & still neither of them responded. I don't have order # but after reading other reviews wonder would it really matter."
Rachel,"Toronto, ON","Reviewed July 25, 2017",1.0,"This has been going on for years and customer service has never resolved the issue. Every time I receive an email for a challenge or promotion, I click on ""Activate the offer"" or ""Join the Dash."" I always read the fine print, purchase the items required within the dates provided and then I wait for the promotion period to end. A week after that, I have to contact Starbucks to manually add my reward stars. How infuriating is that? Every single time! The same thing happens with my husband's card. He has to do the same thing, call or fill out the feedback form. Starbucks - get it together already, and give customers the rewards they signed up for!"
Alexis,"Philadelphia, PA","Reviewed July 10, 2017",1.0,I've been going to Starbucks for years now but recently started to try the breakfast sandwiches. The ones in the display you can clearly see the bacon isn't fully cooked. This is the same mess they not only gave me here in Philly but sides of attitude with it. Location here on a popular street there's one barista that for some reason has it out for me. I've never given attitude or made crazy demands yet he is always condescending when talking to me and purposely messes up my food. One barista will twice cook my bacon like I ask so it's cooked. The miserable one however cooked the sandwich twice giving me burnt bread and raw bacon. I don't know if he thought I wouldn't notice or come back considering my job is right across the street. 
Neal,"Canoga Park, CA","Reviewed July 6, 2017",1.0,"I was at store #16710 and was waiting, waiting and waiting for my wife's drink and finally I opened my mouth. I called to speak to the manager and she gives the excuse everyone is helping each other. Garbage. They have 3 people on the drive through and one person helping people that walk in. She is a very poor manager, does not know the first thing about customer service or selling. She is poor."
Jason,"Los Angeles, CA","Reviewed June 27, 2017",1.0,"Starbucks retail locations in Hollywood, California regularly violate customer rights, illegally, unethically and they could care less. Hollywood area district manager Holm ** has instructed employees at all stores on Hollywood Blvd, Hollywood/Franklin, Hollywood/Vine, Hollywood/Western and others in the area, to deny paying customers' access to public restrooms, to refuse the cashing out of gift cards, and to overcharge customers by applying add-shot and alternative milk fees (like Soy or Coconut) when the fees are non applicable. Furthermore, when you contact the Starbucks customer service department via the 800# - easily the worst customer service team in the nation - they are trained to repeat: ""I'm sorry but a district manager will have to follow up with you."" The employees are rude, ignorant, and lack professionalism of any kind. If you request to speak with someone higher up, they'll laugh. "
Raymond,"Thornton, CO","Reviewed June 23, 2017",1.0,I recently have had problems with the customer service line you call when you have a Starbucks problem. Very rude and didn't even care about the issue. Since the call I have gone to 3 Starbucks. Service was horrid and all 3 drinks were wrong.
Lee,"Dobbs Ferry, NY","Reviewed June 21, 2017",1.0,"Go to this SB forever and recently there are new employees who are terrible. Just waited in line for 20 min only for them to say they ran out of iced coffee. It is 90 degrees outside, don't you think you should plan and make extra iced coffee? Horrible service and when they do make coffee they add too much water to Americanos and too much syrup and so many other reasons why I am not going to SB in Dobbs Ferry NY on the Saw Mill South again."
Doug,"Plantation, FL","Reviewed June 12, 2017",1.0,"I was going to Starbucks for 9 years approx. The 1st 1 in Sawgrass Mills Mall Sunrise, FL. Nothing beats the drinks I will say that. But I would buy every Saturday cookies and they were nice size, and delicious. But then around 4 years ago they got smaller and smaller and stop buying them. I went to a new Starbucks in Plantation Florida on Sunrise Boulevard. They just opened up last week I looked at all their food. Their muffins are so small and their cookies are so tiny. You guys should be embarrassed and that's with a capital EMBARRASSED. One of the employees heard me say, ""You guys should be embarrassed,"" and he nodded with his head up-and-down not saying a word. He agreed with me. I will never go to your store again. If I could RATE YOUR STORE EXPERIENCE A MINUS ONE -1 store I would."
Ranee,"Seattle, WA","Reviewed June 11, 2017",3.0,"I enjoy their services and customer service. Not a huge fan of their coffee as it is a bit bitter. Their plastic tumblers only give you about 6 months of use before you start tasting plastic heavily in your drink. Even with following the proper care instructions. I have thus stopped purchasing plastic tumblers. I have noticed that fellow customers are somewhat snobbish and seem to have a me, me, me attitude and want to be first and out the door. It's not at all uncommon to have people cut in front of me because I was half an inch out of line. Or at least that's what I noticed in several of the King County, WA locations. At the company I work for, the employees leave free expired treats from their kiosk in our break room. Yummy, but at the same time with a word of warning: I have on one occasion received mild food poisoning from this. Appreciate the services though. Just wish they didn't monopolize the area so much."
J.,"Seattle, WA","Reviewed June 8, 2017",1.0,"I often go to this location to buy coffee or tea, because it is convenient. The service has been hit and miss. I order Venti Black Tea Lemonade without the sweetener many times during warm weather. Today, I saw a barista making this drink purposely with tea and water and ice, with no lemonade and no shaken. (There was a label with my name and correct drink description on the cup). What I got was a cup of waterdown tea with no lemonade. When I mentioned to a staff, I saw how this was made. The staff just gave me the lemonade and ""here"" to just pour some into the cup. I was a bit appalled to see how bad the service had gotten. It is a big sign to not to go back to this store again."
Manya,"Seattle, WA","Reviewed May 3, 2017",1.0,"The Starbucks in Seattle [83 and Aurora] 95% of the time, will not put a sleeve on my Venti tall EXTRA HOT Latte. I politely tell them that cup is extremely hot to hold, thus adding a paper sleeve absorbs the heat. Their reply is usually to point to the sleeves and then states ""You can put it on yourself"" or points to the sleeves and say ""There they are"". Inexcusable conduct to a potential serious situation that can happen. The employees need to be retrained and know safety protocol to extra hot beverages."
Kayu,"Pasadena, CA","Reviewed May 1, 2017",1.0,"Recently, I noticed that the card balance went down faster than usual. Also heard from 2 friends over the past 3 months that money would be taken from their cards mysteriously. So, out of curiosity, I checked the purchase history. I discovered the unauthorized deduction (total of $12.05) occurred in 2 different Starbucks stores. I asked the cashiers to redeem the rewards on food but evidently they deducted the value of the food from my card ""and"" redeemed my rewards. In a sense, I doubled paying them (real $$ and the rewards that I am entitled to use on food). I sent an email to its Customer Service and got an apology email of experience and an reimbursement of $12 only. I am very disappointed with the corporation. "
Terri,"Glendale, AZ","Reviewed April 28, 2017",1.0,"I called on 2/3/17 due to accidentally deleting one of the cards with a just reloaded balance on my phone app while still trying to figure out how to use the app. I was in the store and had receipts for just reloading the card that was accidentally deleted ($25). The employee was unable to help, even though they knew exactly what had happened, but said to call the store with my receipt. After calling about this to the 1-800 number, the customer service agent did research and I was on hold at least 30 minutes. They were able to see the money and the card that was reloaded and said they would sent out a card with the money I had just reloaded. "
Lynette,"Lawnside, NJ","Reviewed April 21, 2017",1.0,I am a highly unsatisfied that I went to try the unicorn by Thursday 4/20 and every Starbucks I went to was sold out. This is saddening because I am a huge fan of Starbucks and to be overly excited about something that I was not able to try is unreasonable and not customer friendly.
Shanatta,"Rock Hill, SC","Reviewed March 5, 2017",1.0,"This is located near where I stay. Decided to visit and go inside to purchase a drink. Normally just use drive through. The employees there are very rude & nasty. The store reeked of cigarette smoke which was all in my clothes when I left the establishment. As I stood there to place my order a worker behind the counter splashed water on myself and the cashier and all she could say was, ""Sorry I had a long day."" There is a reason I never dined in at this location! I was so upset and took everything for me not to snatch her ** over that counter. Listen Starbucks. Your drinks are not that great and overpriced so you would think you would work on your customer service better and at least keep your store clean. The counters at this location were sticky nasty & had trash on the counter. Man Starbucks has really gone down. I guess you start making money and everything else goes to hell!!"
Thomas,"Lemont, IL","Reviewed March 1, 2017",3.0,"I'm satisfied with Starbucks but I've noticed you have to go to Decent locations, to get good espresso beans and grinds, for your espresso drinks. Not making this up. And it varies, on how the store is run, the populace that visits, and *who* is serving your drink! This is one of Starbucks 'affiliates' (spelling? definition?) that sort of, remains as a quest when you want a good fresh espresso. If I go to a affluent area, that is not high traffic, just about every time, with the same baristas. If I go to an area, high traffic, it varies from store to store and barista to barista. So to each his and her own, at a traffic non traffic, wealth non wealth location!"
CHRISTIE,"Panorama, CA","Reviewed Feb. 23, 2017",1.0,"I along with my child went into Starbucks at 14329 Bear Valley Road in Victorville, CA. And bought a bag of chips and I asked if I could get two sample cups of their green tea and was just flat out refused. He the employee had said that we're not giving out samples at this time. BS! If I didn't know better, it seemed like he was happy NOT TO GIVE IT TO US. I had also made 2 trips to two other Starbucks stores earlier and had spent almost $20.00 dollars in total that day at 3 different stores. We like Starbucks EVEN THOUGH THEIR STUFF IS WAY OVERPRICED! A company that makes SOOO much money on a daily basis and BEING CHEAP ABOUT 2 sample cups of tea. I think I'll be staying away from Starbucks a lot more from now on!!! What a SHAME, worrying about 2 sample cups of tea and not about the money or potential tips that you could have earned. Oh well!!!"
Laurie,"Oakland, CA","Reviewed Jan. 27, 2017",1.0,Alexis in the Starbucks is so rude every time I go in. She gives you the impression you are putting her out requesting a coffee beverage. The Starbucks street in the same Plaza has great friendly employees who are helpful and knowledgeable. Management at the Safeway inside Starbucks should get rid of her. Awful experience. Never going back!
Valeriy,"Bellevue, WA","Reviewed Jan. 19, 2017",1.0,"Ordered an iced latte and got a hot latte poured over ice. The ice melted and I left with a lukewarm latte. Besides this, the drink looked like it was missing a shot, even I've ordered an extra shot, so it should have been browner than usual. So I've got 2 less shots than I've paid for. Another barista re-made it for me after I complained, it was cold and brown like I like it, but come on! I mean, did the original barista really think that pouring hot latte over ice is an acceptable recipe for an iced latte?"
Wendy,"Tacoma, WA","Reviewed Jan. 18, 2017",1.0,"I spent 29.95+tax on a simple thermal cup - Valentine's day theme. The ""Starbucks"" on the side has already come off, you can't put it in the dishwasher, can't handle carbonated drink (not that I drink soda but I may want one some day). So not worth $30. And I stopped buying their weak coffee a long time ago and I'm from the Northwest."
Anne,"Havertown, PA","Reviewed Jan. 2, 2017",1.0,Just tried to use a coupon that I got at the Starbucks in Havertown PA (West Chester Pike). 50% off a lunch item after 11 am (it's 2pm). They said that they don't honor the coupon. Yep they gave them out. But they don't accept them. What kind of way is this to treat customers?
Kanaha,"Las Cruces, NM","Reviewed Dec. 30, 2016",1.0,"I went this evening with my little kids, husband. When taking our order itself halfway, ** went to brew some coffee even without telling us. She came back and said ""sorry"". While taking our orders I found she being upset or rude, unable to judge at that time. I took it easy. Then order placed, we were asked to wait for few minutes. We Sat in a table and waited, watching ** doing some coffee making process. We got the tea ordered, waited again, but never got the cookies and scones. Again we waited. Customers who came after us were served, So I went to the counter and told about the wait."
Marcus,"Batavia, IL","Reviewed Dec. 23, 2016",1.0,"On 12/3, I ordered a traveler, a demi mug and some Verismo pods. I paid with my Starbucks card and the money was removed. On 12/9, I called to check on the status of the order. I was assured it would ship, and that it would update on 12/10. On 12/10, my order was cancelled. I called customer service and was told there was a glitch, and that the money would be refunded by 12/12. A few days and a couple of calls later, the money was refunded. The customer service rep apologized and offered to provide free expedited shipping on my replacement order."
CAROL,"Davie, FL","Reviewed Dec. 23, 2016",3.0,"Every time I go to the Starbucks near my home they are coming up with a different price every day. Do your employees make up the price. Sure do believe so. A drive through should have good customer service and it's the lousiest slow, and they don't know what they are doing. Where are they getting their prices. From their head... Very very Unprofessional. I will never return to that Starbucks ever again. That's a sad store... And never give you a receipt either. I wonder why..."
Ralph,"Apache Junction, AZ","Reviewed Dec. 20, 2016",2.0,"Have been extremely loyal to Starbucks dating back to the 1990s. I would seek them out in my business travels as well as near my homes in California and near Phoenix, AZ. My work in Phoenix moves me about the valley quite a bit so I have become familiar with Starbucks locations just about everywhere in metro Phoenix. While service remains friendly, quality and product consistency have eroded rapidly over the past several years at many locations. A few remain inviting enough where you actually would enjoy sitting and visiting with friends or immersing yourself in a book, or looking up something on your gadget of choice."
Michael,"Marietta, GA","Reviewed Dec. 15, 2016",1.0,"Starbucks sucks! Last night I stop with my wife to get drinks at Starbucks on Whitlock Ave, Marietta, GA. I also order pizza to go for my son (he was not with us) from across the street. My wife went to the BR and I went to get the pizza (I walk across the street and came back). Then we went to the car and found a boot on it!!! I call the number from the sticker and told me the attendant will be there shortly (took 45 minutes for him to come!!). Complain to the Starbucks manager and he said that is Starbucks policy that you can't leave the parking lot and we have plenty of sign for that!!! You expect me to read the signs every time I stop for a cup of coffee in the dark!!"
Jose,"Fremont, CA","Reviewed Dec. 7, 2016",1.0,I'm very dissatisfied with the flavor level of the coffee Starbucks store are brewing especially in Fremont stores. They are watering down their coffee too much and the way they are upkeeping their store one sloppy mess.
Angie,"Jacksonville, FL","Reviewed Nov. 18, 2016",1.0,"I went to the Starbucks in San Antonio on Bitters Road, and I sat and sat for my drink. There was no one else in line and they made drink after drink for the drive thru and while I waited and waited - I noticed they clean the nozzle used to steam the milk with a dirty rag and never changed it drink after drink - I will never go back there where people inside are ignored."
Judith,"Flossmoor, IL","Reviewed Nov. 16, 2016",1.0,"I went to Starbucks online site and my password wasn't recognized. I followed their directions and changed my password. The site recognized the change until I used it. Had to change the password 4 times. Finally, I phoned the company. Their response, ""Your account has been closed for 24 hrs."" I bought a $40 tumbler last week, collect only Starbucks cups, buy coffee to brew at home and stop in 3 or 4 days a week to buy coffee. Thank you Starbucks! You're a real winner."
Melanie,"Syracuse, NY","Reviewed Nov. 16, 2016",1.0,"My husband and I weren't on happy terms today, and he wanted to bless me by getting me my favorite, Starbucks. And I always get almond milk due to my dairy allergy, and the lady (he didn't get her name) said ""Okay, great. Almond milk. No problem."" She didn't. And I'm paying the very painful consequences. If you want to keep clientele, TRAIN BETTER."
Grace,"Subang, Other","Reviewed Oct. 24, 2016",1.0,"I am a coffee lover. I usually go to McDonald's to have a cup of latte. But today for a change, I went to Starbucks and ordered a hot cappuccino... I Sat there in Starbucks and used the free wifi. After 20 minutes something... I take my cappuccino with me as I decide to go back to my home. When I am about to reach my home... the cappuccino leaks from the lid. My dress soaked with cappuccino. It's a bad experience for me since I always buy coffee from McDonald's and it never happened to me before. Even though the coffee from Starbucks are really expensive... they are using very cheap cups. I will never go to Starbucks again."
Susan,"Irvine, CA","Reviewed Oct. 14, 2016",1.0,"For a week now I've been unable to order because the shopping cart is literally broken, and according to each person I've dealt with, it has something to do with PayPal. I cannot delete items from the shopping cart. The shopping cart broke when I selected PayPal; ""null, null, null"" is now printed in my payment method. No one at Starbucks has been able to fix the problem; I've tried email, chat, and phone support. No one has a solution; the script message about cookies and cache is bogus. The first question each person asked was if the purchase was attempted through PayPal. I've logged into my account from multiple devices, changed passwords (I'll say too easily), and somehow none of the items can be removed from the shopping cart, and no purchase method can be selected anymore. "
Luanne,"Fife, WA","Reviewed Sept. 30, 2016",2.0,"I purchased a Caramel frap early one morning. The drink tasted like it had no Caramel in it, tasted like blended ice. I was on my way to work and had no time to take it back and have them remake it. This seems to happen a lot at this particular store, my co-workers have said the same thing. I will not go back and purchase anything from them again. Waste of my hard earned money."
K.,"Mount Laurel, NJ","Reviewed Sept. 19, 2016",1.0,"On July 17, 2016 I visited the Starbucks on Fellowship Road and Route 73 in Mt Laurel, NJ. I had my 4 month old, dog, and mother in the car with me. I visited this Starbucks because they have a drive through which makes it much easier with a baby and dog in the car. I ordered a hot grande nonfat cinnamon dulce latte with no whip. This is the same drink I have been ordering for years. I waited in line for about 8 minutes before I even got to the window to get my drink. Granted, they did seem very busy."
Jill,"Beverly Hills, CA","Reviewed Sept. 13, 2016",1.0,ABOUT a week ago my mother and I like every morning go to Starbucks in El Segundo/MANHATTAN Beach (California) and my mother asked the cashier what was wrong with her face because under her makeup were these welts that were getting bigger and going down her face to her neck and was it contagious. So the cashier got mad and said everybody was asking her this and she didn't like it.
Jeffory,"Spring, TX","Reviewed Sept. 12, 2016",5.0,"Every Sunday morning I go into the Starbucks near our church and continue to be delighted with their service and coffee. Jameslyn has been my barista it seems like since Day One. She has been tremendous, always knowing exactly how I like my coffee and asking how my week was. She and the others there have been super-friendly. It's like going to a friend's house every weekend."
Fatima,"Lake Grove, NY","Reviewed Sept. 11, 2016",1.0,"I went after hours to have a meal and a glass of wine paying TOP DOLLAR. Well my food was cold so I asked to warm up. At the time the food was served I asked for another half of glass of wine. I suffer from severe back problems and I didn't want it to used my can, so I was walking funny. When I was leaving as soon I got in my car I was approached by cops in both sides. The officer asked me for my car key and I Gave to him. I asked if he can call my home, to my husband to came to get me. "
Justin,"Grand Junction, CO","Reviewed Aug. 31, 2016",1.0,"They have a employee at the Starbucks in Clifton Colorado, who continually gets Younger woman with low self esteem all messed up on pills and takes advantage of them. He continues to laugh and do the things that he does. I refuse to see this man's face or to let up on Starbucks or the DR and Dr Office here in Colorado until they do something about this man's sick pedophile ways. They brought up a review at one point and since he is buddy, buddy with the manager it was swept under the rug. He will end up killing my son's Mom and other woman and I will not stop until SOMEBODY HEARS ME AND HELPS."
Novella,"Casper, WY","Reviewed Aug. 22, 2016",1.0,"I have been a loyal Starbucks since 2008, the year that our smaller town finally got a Starbucks location. Since that time, they have expanded to three stores and one smaller store within our local Safeway/Ridley’s. I am a gold card holder, a very loyal Starbucks customer and have recently found myself defending Starbucks to a few people who had read misinformation and rumors about Starbucks to defend my continuing support of Starbucks."
Margo,"Charlottesville, WI","Reviewed Aug. 20, 2016",3.0,"I enjoy Starbucks coffee, food, and other beverages. But the last three times I bought a hot coffee to go, it leaked all over me. Imagine the frustration when you're on your way to an important business meeting and you're dealing with coffee spills on your suit. I don't understand how in the 20th century we still can't get this right. Dealing with this frustration is enough to make me reconsider the occasional stop for a cup of joe from Starbucks while traveling."
Chris,"Falls Church, VA","Reviewed July 20, 2016",2.0,"I was the only person in line. I ordered a hot item, which was put in the oven. Then a woman shows up after me. The associate took my hot item out of the oven, laid it on the counter and then proceeded to go into the back room, get out a sandwich, put that in the oven, all the while letting my food go cold. Then he packaged both items and gave the customer-come-lately HER still hot food while leaving mine on the counter. I am guessing the other customer paid with the mobile app and was given precedence over a person ACTUALLY in the store and having already placed her order. This is exactly what I feared would happen: people who can afford a smartphone jump every line and get serviced first."
Melissa,"Bonney Lake, WA","Reviewed July 19, 2016",2.0,"I am very disappointed in Starbucks online service. On July 6th, I ordered and paid for a tumbler. Received a tracking # from them, but 6 days later the tracking # still showed no info. on its movement. Meaning... it never got sent out. I called and they said they were sorry & that it was expected to be sent ""that day"" instead (the 14th). More days go by. Still no movement on the tracking #. I called them again and they apologized again and said this time they would send it overnight. The days went by. And AGAIN. Nothing arrived. I called them for the 3rd time."
Melody,"Peoria, IL","Reviewed July 15, 2016",2.0,"I typically order only one thing - iced caramel macchiato. This is one of the simplest drinks they can make. Ice, vanilla syrup, milk, espresso, caramel drizzle on top. Simple, right? Well, apparently not. I have ordered this drink and been kicked with a bitterness because they DON'T ADD THE SYRUP! I would put this down to someone poorly trained at one location, but it has happened at three in my area. "
Katie,"San Jose, CA","Reviewed July 7, 2016",1.0,"My child's teacher LOVES Starbucks coffee. So at the end of this school year (2015-2016), on June 2 to be exact, I bought a Starbucks' gift card for my child's teacher. I had asked the cashier to put 100.00 on the gift card. The cashier charged me 200.00 instead. Sadly, I didn't realize it until the following day when I checked my bank account and noticed the amount, at which point, I checked the receipt and surely, it was for 200.00. I then called the store to inform them of the incorrect charge. They were very helpful...but unfortunately, I was doomed because now I had to experience the lovely method of which Starbucks provides customer service via their 800 helpline."
J.,"Wheat Ridge, CO","Reviewed June 24, 2016",1.0,"I tried to reload my card via app on June 22, and it failed because of a ""system error."" When I spoke to customer service, apparently this was a big issue for Starbucks app on June 22. I saw on my bank account that Starbucks had charged me 4 times the amount I had requested. I called Starbucks. Worst customer service of my life. She told me I had to dispute it with my bank. I asked her for verification from them that the charges were voided - she wouldn't. I asked for a manager and after five minutes on hold she hung up on me. I am so disappointed. Now I am out four times the money with no benefit because their app failed. DO NOT USE THE APP!!!"
Lynn,"Centerach, NY","Reviewed June 22, 2016",1.0,"The Stony Brook hospital Starbucks location. This Starbucks does not honor free beverage after you earned it by collecting your stars. They only celebrate Starbucks Happy Hour in May for 3 days, instead of from May 3rd through May 15th like other Starbucks. In October I ordered a grande Frapula. One day I was charged $5.65, the next day I order the same beverage and size and was charged $6.75. There is never a supervisor or authoritative figure in the store to assure quality, customer satisfaction and cleanliness, or to go to if you have a discrepancy. The location is convenient for patients and their families as well as staff. "
Rhonda,"Lancaster, CA","Reviewed June 22, 2016",1.0,Well I'm always trying new things. I love Starbucks and I'm one of the ones that would always be pissed off for tooo much ice and no foam in my drinks but I would always watch them like a hawk and tell them exactly how I like it. But I went in tonight to get a new drink. I kind of knew it was a waste of time just because how much different can it really be from what they have already. So whatever I tried it and omg never again will I try something new from them again. Very disgusting. The drink was horrible. The service was awesome. I got the youth berry and the caramel one. Horrible and $5 each - waste of money. I could have gone next door and got a frozen lemonade from Wendy's for $3 and it would have tasted better.
Harold,"Ukiah, CA","Reviewed June 22, 2016",2.0,"When I order a Venti Skinny vanilla latte it is always Never full - so much foam. Even when I inform the clerk No Foam. When I receive the coffee it always has at least 1 inch or more of foam and the coffee isn't for me, it's for my wife. I quit going to Starbucks and cancel my Gold Card. The company don't seem to Care. It's all about the money."
Arlene,"Selangor, Other","Reviewed June 19, 2016",3.0,"Who doesn't know Starbucks? It's popular especially at the end of each year where they give a pamphlet to a consumer and fills it up with 18 stickers (and buy 18 coffees from them) to get a planner. Imagine that, 18 coffees! It's like you are giving them your salary because it's high priced. But I guess it's only practiced in the Philippines and not in other countries as here in Malaysia, it's not that appealing. Besides that it's quite expensive, locals here prefer their local coffee shops. You could only see foreigners as their customers, and what's more, they only have a few frappucinos. Well maybe they don't have sweet tooth as Filipinos. Even though its like that, I still like Starbucks especially its Vanilla Frapp. At least its selling here. I only buy from them a few times in a year so I still can save. Continue your work and I hope you have more frappe flavors that can be appreciated by locals."
James,"Centereach, NY","Reviewed June 16, 2016",1.0,"Last year we bought two expensive stainless steel 20 oz. coffee mugs from Starbucks and now they are rusted. I have called and e-mailed Starbucks several times and they respond with only a ten-dollar gift card. I ask that you check any stainless steel mugs you have purchased from Starbucks for rust, not healthy to drink from. We can certainly find a better way to spend the 650 plus dollars we were spending on coffee from Starbucks."
Valerie,"Bloomfield, NJ","Reviewed June 15, 2016",2.0,I went to Starbucks to buy my favorite latte as a hot beverage using my ceramic reusable mug. The line was long but moved quickly. When I received my beverage I was surprised to see the mug only partially filled. I didn't have time to ask for a replacement because I had to go to work??? I didn't drink any of it until I arrived at work and by then it had shrunk to half the size of the mug.
Kelly,"Altamonte Springs, FL","Reviewed June 9, 2016",2.0,"I truly enjoy the Starbucks experience. I'm a huge coffee fan and love your atmosphere and your employees are great. However, your cups leak. I mainly stop into your store in Winter Park, FL on my way to my office in the mornings. When I do stop in I'm dressed for work. Inevitably your cups leak around the lid. I've smartened up and now hold a napkin up under the lip of the lid but honestly, as much as we pay for a regular cup of Joe we shouldn't have to worry about the lid leaking on our work clothes. "
Kim,"Vancouver, WA","Reviewed June 1, 2016",1.0,"Over the past couple of years, I've noticed several things. First, the shots of espresso are not full anymore. Second, the cups are not full anymore. Third, consistency is not the same throughout all stores. These are reason enough to go somewhere else. Let alone the company changing its free drink program so you have to spend a hefty dollar amount to get a free drink. I really think the company thinks we are all stupid!"
chris,"Los Angeles, CA","Reviewed May 30, 2016",1.0,"Today is 05/29/2016. I would like to make a complaint about the 5:00 Starbucks shift on this date at this time. I was cheated out of my change (money) on this day by one of the workers and I was told it is a policy by the manager or supervisor named ** that I am not able to get refill with lemonade inside of my tea at this particular location on 1258 South La Brea Ave; Los Angeles, CA 90019-1628, Telephone 323-934-2408 even though I paid the $0.50 fee. I am not a new customer and whoever these workers are that worked today on this shift is not good workers. The workers are currently not being supervised if they are dancing while at work and treating clients inappropriately. No refills? Saying that is not company policy seems like an lie. Every other Starbucks I go to allow refills. Thank you. Also restroom needs to be cleaned. There was urine all over the toilet. Thank you."
Ray,"Rocklin, CA","Reviewed May 27, 2016",1.0,"Again after 2-3 weeks again went to the Starbucks close by to get a coffee. I had been there more often before but because the 2 Starbucks around me offering boiled and muddy coffee I have avoided going there. Today again I went there. I asked if it is fresh. She said ""just made it, yes it is fresh"" then had to get the last drop off the container poured in the cup and gave it to me. It was so muddy and bad taste so I threw it away. I had paid already. Her manager was there but didn't allow barista to brew fresh coffee."
Juan Paolo,"Quezon City, Other","Reviewed May 26, 2016",4.0,"On the occasions that I would find myself visiting a Starbucks, I can't help but notice how friendly the staff are to the customers. Their always nice, polite and very willing to assist in making your stay a pleasing experience. It's no wonder friends (especially those who do post graduate studies) always go back to their favorite Starbucks branch. They're even chums with the baristas. I hope they keep it up. If they do, then getting my favorite Soymilk Chai Tea Latte will always be a pleasurable and awesome experience."
kym,"Portand, OR","Reviewed May 22, 2016",1.0,I have been going to the Starbucks on SE 102nd and stark located in Portland Oregon for approx. 3 years. I normally don't write reviews but this is outrageous. And this has happened twice to me and 3 times to my coworker. The smart ass young lady who wears the headset and receives payment when you pick up your order has the worst customer service that I have ever experienced in my life. I do a lot of traveling for business etc. I'm not the only one that has noticed this behavior by this particular young lady. Please send her back to customer care school for training. We placed our order Sunday 5/22/2016 approx. 1-1:30pm.
Michael,"Taytay, Other","Reviewed May 22, 2016",5.0,"I came from a province in the Philippines known for drinking coffee. I can't go on for a day without coffee. I would have migraines if I don't get my dose of caffeine. I always order the Americano from them. Aside from the taste of their coffee, the Starbucks experience is what makes it special to me, the ambiance of each store, the aroma of coffee once you enter the store, the way the baristas greet you and address you using your first names. Even if we have free brewed coffee at work, I still get my dose of coffee from Starbucks."
C.,"Muntinlupa, Other","Reviewed May 22, 2016",4.0,"I'm not really a coffee connoisseur, but hands down Starbucks is my favorite coffee place. My go-to drink is their mocha frappe which is to die for. The staff is always very polite, and the best part is: they always get my name right! The only problem would be that Starbucks is so popular everywhere that it is always overflowing with people. It's very hard find a seat, especially during peak hours. Because there are so many people all the time, it's not as quiet as I would want it to be. And it's been said by many reviewers worldwide that their coffee is so overpriced. That's why I don't make it a habit to go there, only when I feel like treating myself to premium coffee."
Myrich,"Antipolo, Other","Reviewed May 1, 2016",4.0,"Their coffee is great. My favorite variant is the chocolate chip cream. However, the prices are ROCKET HIGH!!! Their prices ranges from 110 to 165 pesos. I can't get what I pay for... Nevertheless, if you want a great coffee experience and you have the sufficient money to buy ""luxury coffee""... I STRONGLY SUGGEST Starbucks."
Danil,"Quezon City, Other","Reviewed April 24, 2016",3.0,"I and my friend went to Starbucks near our office last Friday. The guard was very nice and opened the door for us. He greeted us as we enter the establishment. I am not really a coffee lover and it was, I think, years ago since the last time I stepped into Starbucks. The smell and ambiance of the store is really good. It's very soothing, energizing, and delicious. "
Tim,"Roanoke, VA","Reviewed April 18, 2016",1.0,"I'm sure you've heard a lot of feedback on the Stars program, but I want to point out two very important things (to me) about what you have done to your loyal customers. First, the new Stars program makes it more difficult and certainly more expensive to achieve rewards. Before the change, my go-to beverage cost me $4.62 (ridiculous) and earned me one star. Every 12th beverage was free, making the cost for before the free reward (assuming I ordered the same thing most times) $50.82. Again, ridiculous. "
DAISY,"Milpitas, CA","Reviewed April 11, 2016",4.0,"It was the worst, worst customer service experience that I've encountered at one of the Starbucks store on Curtner, San Jose, CA (store #13937). Today, I went in to purchase an Americano inside Curtner Starbucks and asked for the non-fat milk for my coffee. However, the store manager, **, told me that he had to charge me extra, according to the ""milk policy""??? As a loyal member of Starbucks for more than 3 years, I always purchase my coffee at Starbucks wherever I go but have never experienced anything like this, specifically the ""milk policy"". I love Starbucks and I always advise many of my friends and family to visit because I truly believe of what its company has claimed to always provide, the best customer service experiences for every visit to its members. However, after today, I really have a different perspective. I think it's really unethical and inappropriate, and I surely believe this would be my last experience with Starbucks."
Jennifer,"Austin, TX","Reviewed April 8, 2016",1.0,I go by Starbucks every morning and buy the protein bistro box and seems that sometimes the boxes have been opened and snacked out of. I pay a lot for me to only get 5 grapes and 2 apples.
H,"Elk Grove, CA","Reviewed April 7, 2016",1.0,"This time this girl named KP was taking my order and when I ask her about discount she was so rude about it and she is like ""There is no button on screen that I can give you discount."" I told her ""We always get discount"" but she was like ""There is no discount. I never saw you before."" and she was very rude when she was talking to me."
MOHAN,"Potomac, MD","Reviewed April 3, 2016",1.0,"I buy smoothies from different places and this time for a change I bought a smoothie from STARBUCKS from a Starbucks outlet in Silver Spring, Maryland. It tasted so bad than all other smoothies I tasted over the years. Starbucks is good for ONLY COFFEE and why they should sell a product where they do not have expertise in it. Customers spend double the price for smoothie than any other places, hoping that it will be good compared with others, and the quality at Starbucks is worst than any other shops like Costco, McDonald's, Dunkin' Donut etc. I felt cheated by Starbucks while trash the smoothie which is like throwing $4.50 in a trash...???"
margaret,"Tacoma, WA","Reviewed March 31, 2016",1.0,"Has anyone been annoyed with the service at Starbucks? Have you had the experience of going into a store and placing your order, then have your drink moved to the back of the line so that mobile orders get priority? Doesn't seem to matter if you have been already waiting for your drink, if a mobile order comes in you get bumped! Doesn't seem exactly customer friendly. I waited 20 min for my drink on a quiet day at a local Starbucks store. This was in the early afternoon and there was one person in front of me placing an order and only a total of 3 customers in the store. "
Wafa,"Aiken, SC","Reviewed March 9, 2016",1.0,I ordered coffee in a Starbucks branch in Aiken. The coffee was extremely hot and I waited 15 minutes before I took a sip yet as I was putting the cup down the cup became a flat soft piece of cartoon pushing the hot coffee from it right on my apple laptop ($1000) that didn't work afterwards. I had all my family pics and videos of all the precious events and all my work documents (I am a prof at the university and I do a lot of work from home since it takes 2 hours from home to campus and vice versa).
Serge,"West Palm Beach, FL","Reviewed March 8, 2016",2.0,"More than once, I enjoy a coffee or tea with my wife and children on weekends and after school during the week. Every time I notice tables are not clean. You will see coffee stains, sugar spilled, and straw wrappers. And this is in almost every Starbucks I visit (West Palm Beach Okeechobee near I 95, City Place, PGA at the mall). So one day I sent an email to their customer service department and I got a very polite response with a coupon in the mail the following week. But it never changes, I go back time and time again and there's always the same problem. Starbucks is too busy, they are driven by sales and profits only, a clean space with clean tables seems to be the last of their worries I guess."
Kathy,"Hertford, NC","Reviewed March 6, 2016",1.0,"ONLINE STORE IS USELESS. You can only call Mon.-Fri. 8 a.m.-5 p.m -- terrible customer service. Takes 10 days before they ship the order. Now they are using lowest level of delivery, takes 7-10 days to arrive. They are continually out of stock on items. Emails are not answered promptly. When they do answer they tell you it will ship and then it doesn't."
Rob,"Kirkland, WA","Reviewed March 2, 2016",1.0,"Starbucks response to my complaints was dog **. I have my whole company get the new spicy sandwich and it tasted like dog ** and we couldn't even eat it and threw out them and all they said was ""sorry we will tell the right people."" I've only ever complained about a company four times in my life and this is the only time I felt like I was told to go ** myself."
Linda,"Myrtle Beach, SC","Reviewed Feb. 25, 2016",1.0,"Starbucks is making a ""huge"" mistake when they introduced their new April 2016 policy change. Customers including myself are not supporting this change. Starbucks will be losing valuable customers like myself who has been a Gold Card Member since 2009. I go to Starbucks 3 to 4 times a week. Mostly for their coffee drinks and earn stars; 12 stars for a free drink ""now"" that is changing from 12 stars to 125 stars for a free drink. Also another bummer is to be a ""Gold Card"" member it was 30 stars now it is 300 stars. Who are they kidding! The other coffee companies are loving it... they will be getting Starbucks customers. Starbucks is not caring about their customers if they impose this outrageous plan. At least I will stop in to say Hello to the great staff at all of the Myrtle Beach Starbucks. Lets be Americans and vote ""NO Change!"" Thanks."
Celeste,"El Cajon, CA","Reviewed Feb. 23, 2016",1.0,"When I found out today about the new Starbucks reward program, I couldn't believe it. I guess I will be giving up my daily habit as it is not worth it anymore. They make the new program out to be better but it is a marketing tactic. When the new points system launches, customers will have to earn 300 stars -- or spend close to $150 -- to reach gold status. After that, they will need 125 stars (the equivalent to spending about $63) in exchange for a free item. That is completely ridiculous. I am not sure what Marketing person came out with this idea but I would fire them. They are getting the public pretty fired up about this new program. Makes me sad. I once really thought that Starbucks was a great company that cared about its customers, apparently not."
Brandy,"Denham Springs, LA","Reviewed Feb. 23, 2016",1.0,"My husband and I both own our own businesses. Mine is out of the home while his is run from in the home (web designer). We do have Starbucks regularly paying around 15 to 20 dollars for both of us to have the coffees of our choice. Our home burnt down, the day before my birthday. My husband only had the laptop to work on and since we were basically homeless the only thing he could do was go somewhere to work and Starbucks is a haven for people working on laptops. So he sat up his laptop, went and ordered a coffee, sat it down and as he sat down his foot touched the base of the table which almost flipped the wobbly table over and coffee poured into the laptop and one of our main sources of income. "
John,"Salem, OR","Reviewed Feb. 17, 2016",3.0,"I am a daily customer of Starbucks, and my experience is near perfect, except for the music. I would give Starbucks 5 Stars, but their music in the morning gives them only a 3 stars. They should stop trying to sell music and forcing music on us that detracts from an otherwise positive experience. (Their latest attempt at this their ridiculous Spotify.) Furthermore, they should give each store a variety of choices instead of one-size fits all. No music is better than what they're trying to cross market. Whoever is in charge of the music at corporate is way overpaid."
Doug,"Florence, MS","Reviewed Feb. 16, 2016",5.0,"I had a very good experience at your Clinton, MS location. Your associate Lucy was extremely nice and knew just how I wanted my coffee. The store was clean, and everyone was friendly. Trust me I will be a regular customer at this location. This was Monday evening about 7:30."
kimberly,"Canonsburg, PA","Reviewed Feb. 8, 2016",1.0,"I ordered a Venti Pike Blend coffee on October 22, 2015 via drive through. The cup was faulty, was completely soaked around the top part of the cup and the lid was not able to hold the coffee. Unaware of this, I took a drink and the hot coffee went all over the front of me ruining my brand new camel hair coat. My leather interior was soaked and reeked of coffee as well. I telephoned the store in Canonsburg, PA where the coffee was purchased. The assistant manager answered the call. I explained to her what had just happened. She said ""I can't do anything about your coat and I can't do anything about your interior. Call corporate."" and with that she hung up. This manager has always treated me rudely. I wrote a letter to ""corporate,"" along with four (4) 8x10 COLOR photographs of the cup. "
Valerie,"Normal, IL","Reviewed Jan. 29, 2016",1.0,"I ordered a Verisimo 600 Brewer. I received an email confirming my order. I never received an email telling me that the order was shipped and when I kept checking their website to see when it was coming, there was nothing showing, not even my order. Surprisingly, I received it on 1/23. It did not work. No water was coming through the machine. I tried going on their website to see if there was any troubleshooting information. There was nothing listed for the problem. I then called the company to see if there was any information that I could get to solve the problem. The representative that answered the phone did not offer any helpful information, so she said that I could send it back for either a replacement or refund. I chose to send it back for a refund. I sent it back on the 24th. Since I didn't see anything back from the company giving me a status for the refund, I just called the company today. "
YALIZA,"Spartanburg, SC","Reviewed Jan. 26, 2016",1.0,"CHK: **, TIME: 04:58 PM, **, Drawer: 1 Reg. On Jan 24, 2016, I had gone with my friend to Starbucks at 805 North Pine Street, Spartanburg, SC - ordered 3 coffee. The server was busy ""chatting"" with her colleagues and didn't pay any attention to what we were requesting - finally got our 3 hot coffee. Did she not have a clue to give a tray to hold the hot coffee or ask if we needed? She didn't bother to give an insulator for the hot coffee. Maybe when she is at work, instead of chatting, she can focus on what she is there for? I can send the image of receipt if asked for."
Judie,"Pahrump, NV","Reviewed Jan. 14, 2016",1.0,"I ordered two ice teas and requested no water or syrup, but did request extra ice. The clerk rang the order up and then told me she would have to charge me an extra 75 cents for each drink because I had ask for NO water. The charge was rung up as though I had ask for syrup in the drinks. A dollar fifty for NO water. I find this very hard to believe that the Base Exchange would tack on such a charge. I did some research by going to five other Starbucks (not on military bases) and none have such a charge. I talked to the Starbucks manager and she informed the Exchange manager Mr. ** had instituted the charge. I phoned Mr. ** and was told he was unavailable. I left a message and ask that he contact me. That was more than a week ago and have not received a call back. Why would such a charge be allowed? The clerk was Linda **. The date was January 3, 2016 11:46 A. This is the information taken from the receipt."
Pat,"New York, NY","Reviewed Jan. 9, 2016",1.0,"I have lived in my neighborhood for 15 years, and going to the local Starbucks on a weekly basis (that's a lot of money I've given them). The customer service had been pretty good during this time until the last few months. Most of the employees now working at the two Starbucks in my neighborhood are horrible, and don't seem to know a thing about good customer service. If you've ever done a Google search about customer service at Starbucks, you know what I'm talking about. There are numerous comments about how bad the customer service is, and I can definitely say that I agree 100%. "
HOWARD,"Culver City, CA","Reviewed Dec. 13, 2015",1.0,"I went into your Starbucks store located at: 1356 Third Street Promenade, Santa Monica, California 90401 (310) 458-0266 and did NOT have a very good Starbucks Experience. I arrived just a little bit before 6:00 p.m. and at around 6:00 p.m. continuing onwards, your room temperature was extremely cold and uncomfortable during my Starbucks Dining Experience! I did complain about it and was told that they could do absolutely NOTHING ABOUT IT! This is far what I expect as a very loyal Starbucks gold card customer for the past seven (7) years!"
suz,"St Simons Il, GA","Reviewed Dec. 10, 2015",1.0,"Every time I am in a Starbucks I find they are dirty and many times the restrooms are not only dirty but no soap, etc., employees fix food etc...they charge enough to be BETTER! A person needs to build a cute, clean coffee shop next door to each of them and people would go do a better one and less money too."
Michael,"Columbus, OH","Reviewed Nov. 27, 2015",2.0,"I am Michael, I live in Columbus, Ohio. I use a variety of Starbucks locations in this city and service at the individual shops seem to be very good. However navigating their website to sign up for the apps and phone pay is a circus. I am incredulous that a company who claims to care for their client base as this one does has seemingly no one paying any attention to detail or even who gives a damn about the customer. I guess they do not want my money. I can work with this. We also have several local coffee shops who have great coffee and I now will frequent them more often! Starbucks you are losing your customer base with no customer loyalty. Train your baristas to be good people persons while at work and fix the danged website!"
C.V.,"Seattle, WA","Reviewed Nov. 11, 2015",5.0,"After my Starbucks Card internet Starbucks Site sign in failed (for a card reload) on several occasions, I attempted to reset my password using the Starbucks Internet site. However, my reset Starbucks Internet sign password continued to fail. As a result, I contacted Starbucks Customer Service online. I subsequently received an email providing instructions which instructions did not solve the problem. I suggest that Starbucks knowledge of this issue and it's refusal, inability, intentional efforts or negligence to efficaciously address this issue represents gross unintentional negligence up to an intentional and unprovoked but secretive act of malice."
Theresa,"Braselton, GA","Reviewed Nov. 11, 2015",1.0,"My 16-year-old daughter went into the Starbucks inside the Kroger, Jefferson, GA. She was second in line, ordered and paid for her drink. Several people came in after her, ordered their drinks and left before she received her drink. After I dropped her off at school, I contacted this Starbucks to find out what happened. The lady I spoke with seemed uncaring and unconcerned about the situation. She stated that the cups may have gotten out of order, she wasn't making the drinks and she did not know. Not once in the conversation did she apologize or sound as if she cared. "
Kay,"Laurel Springs, NJ","Reviewed Nov. 8, 2015",1.0,"I am SO not a fan of logo driven consumerism & had avoided Starbucks like the plague but had the need for coffee during a carpooled commute up the NJ Turnpike & was outvoted to stop at either a small, independent coffee shop or 1 of the local convenience stores. All the nonsensical ways to order a large friggin' coffee made my knickers twist & I was looked at as if I had 3 heads when I didn't conform to their system & after having to point at the cup & getting an eye roll from the zit-faced teenager taking orders, I waited 10 minutes to be served the most vile, acidic sludge. As I guess I didn't know the lingo for extra sugar & 1/2 & 1/2, I was unamused with the speck of cream used & it certainly hadn't much sugar in it. "
Layla,"North Bergen, NJ","Reviewed Nov. 6, 2015",1.0,"Hello, My name is Layla ** and frequently visit the store located at Edgewater Commons at 457 River road Edgewater, NJ as this is close to my work place and home. I can safely say I am a loyal customer who visits Starbucks approximately 7 days a week. On the night of 9/5/15 at about 11PM while having coffee with friends and family, we witnessed the store manager punch a customer in the face as she shouted, ""I'm from the Bronx."" Not only were we shocked but highly disappointed at the treatment this person was getting. My children immediately asked to leave as they were frightened. No customer should ever be assaulted or attacked by any employee, it makes this for a very unsafe environment."
stella,"Deerfield Beach, FL","Reviewed Nov. 2, 2015",1.0,"Tried to reload my rewards card. Twice, Starbucks ""declined"" my transactions. Therefore, went to a physical location to reload my account. Moron at the drive-thru ran my card for $50+$9.23=$59.23. Checked my Starbucks account balance. It showed a balance of $40.77. Really? So, I check my bank account to see what the problem was. Bank account shows three separate charges at $50 a piece. Starbucks charged my account +$150 for one stupid, simple transaction."
G.,"Denver, CO","Reviewed Oct. 29, 2015",1.0,"I have a Starbucks card that I reload faithfully. So I make frequent visits to Starbucks, and I have for many years. I have never felt the need to make a complaint. A young female barista went out of her way to be rude to me at 4505 Peoria in Denver on Thursday, Oct. 29th at around 4:10 p.m. She ignored me when I approach the counter. She was joking around with a male customer. She did not greet me. She curtly asked what she could do for me. So I smiled and said hi. She did not respond. And it just got worse from there. It was as if she was trying to hurt my feelings! But I did not react."
Jill,"Kaneohe, HI","Reviewed Oct. 25, 2015",1.0,"This location is notorious for how bad service they provide on weekends. I went there on 10/24/15 at about 6am. I went to the drive-thru line and was about 3 cars back from the order system. I waited in line for about 5-6 minutes with no moment what so ever. I got out of line and parked instead to run in for quicker service. I stood in line with 4 people ahead of me. There were about 6 people that I could see working, one of which was at the register. I stood in line for another 4 minutes with no movement again, so I left. I wasted almost 10 minutes just waiting in those lines. There was no sense of urgency in the staff when I went in."
William,"Palmdale, CA","Reviewed Oct. 18, 2015",1.0,"I was at the Starbucks drive through on 10-17-15, my app had a .45 cents balance. When I tried to reload card the app crashed & the Starbucks Widget showed 0.00 balance wiping out my account I paid cash. The app kept crashing, I called Starbucks automated system, entered my card number and was advised my balance is 0 dollars and 0 cents. I logged into my Starbucks on their site, it only showed my name and email, all other information was there."
Amanda,"Centennial, CO","Reviewed Oct. 18, 2015",1.0,"I have always ordered Chai tea from you and love the combos I can make with it, but I went in to a Starbucks last month and the Chai was different. It doesn't mix or even taste the same. I will not order from Starbucks anymore since this is all come to Starbucks for. Please change the Chai tea back..."
Christine,"Salem, MA","Reviewed Oct. 15, 2015",1.0,"I have come into this Starbucks location about a half dozen times. I do not go to it anymore. It is by far, the dirtiest and most unfriendliest location I have ever been to. Many times, I had to go grab some napkins and clean up a table that had coffee or whatever all over it. Newspapers are left all over the place, many of them at least a week old, and shoved into cushions, in corners, on the creamer/milk counter, etc. The cream/milk/sugar counter is always (as in always) covered with wet, sugary, spilled milk, and the trash receptacle is filled to overflowing. "
VICTORIA,"Salt Lake City, UT","Reviewed Oct. 12, 2015",1.0,"I love Starbucks!!! I frequent Starbucks everyday, couple times a day. I miss the excellent customer service from Starbucks employees, especially at this Starbucks location at 3898 S. 900 E SLC, Utah 84106. My first horrible encounter at this location was a drive thru last week where my order was taken and as I approached the next window to remit payment. I had to keep my hands hanging out in attempt to pay for over 2 mins as the Starbucks employees were busy chatting and laughing amongst themselves while my hands were left to hang. Very unprofessional, disregard for their customers, I felt!!!"
rebecca,"New Albany, IN","Reviewed Oct. 5, 2015",2.0,"Location 2220 State Street, New Albany, IN: Barista ** needs some customer service training. I ordered a beverage thru the drive-thru, checked the label as I always do before driving away for accuracy. I ordered no Syrup, label said no syrup but after tasting the beverage, it contained syrup. I turned around at a stoplight, went into the store and asked ** for the correct beverage. She said, ""I can't take it back after you drank out of it."" She proceeded to read the label on the cup then told me I had to throw it away myself if I wanted a new one. Another Barista who overheard the conversation stepped in and handled the situation appropriately. ** did not appear pleased. I have a choice each morning when I stop at this Starbucks. ** lack of customer service will lead to a different choice of locations."
Charmaine,"New York, NY","Reviewed Oct. 4, 2015",1.0,"Unbelievable. Today I was so hungry with no time. I stopped by Starbucks on 145th st., wanted to grab something to take to eat before a very important meeting. They were out of all cakes except pumpkin bread, had NO BAG OF ANY KIND for me to put the sandwich I bought so they expected me to carry it in my HAND and to top it off gave me the wrong drink with a blank stare to go with it!!! Say what??? HORRIBLE."
Maggie,"Eugene, OR","Reviewed Sept. 27, 2015",3.0,I've been going to the Starbucks by my school very frequently this past week and I usually get a frappuccino but I got the pumpkin spice steamer for the first time and I didn't see it on the menu. But I had saw it online and there wasn't a price on the website so when I ordered it the barista charged me $2.05 and I really enjoyed the steamer. So the next day when I went back I ordered the same thing but this time it was a different barista and I could tell by his name tag he was the manager. And before he asked for my money he hesitated a bit and talked to the other baristas and said something about my drink and then instead of charging me $2.05 he charged me $3.35 which in my opinion is a big difference in price. 
Marjorie,"Crestwood, KY","Reviewed Sept. 26, 2015",1.0,"Starbucks location #11796, 7203 Hwy 329, Crestwood, KY - As a faithful patron of many Starbucks stores in several places, my favorite one until recently has been our neighborhood one. When I travel Starbucks is the first place I look for for my coffee, tea and pastries. But recently our Starbucks has become a terrible place to go. The manager is rude especially to the employees and she is not bashful about what she says and how loud her voice is. The turnover in employees has been terrible since she has been there which makes it an unfriendly place to go. "
Gamal,"Spring, TX","Reviewed Sept. 23, 2015",1.0,"I ordered Caramel Frappuccino from the Starbucks inside the store and found a very long hair hanging inside the cup. The staff never apologize and told us this is not his and he blamed us. Well the manager, he was extremely rude and racism and came, ask us to leave the store or he will call the staff to take us out of the store by force."
Eliza,"Elizabeth , NJ","Reviewed Sept. 23, 2015",1.0,"Having the Starbucks App, I often look forward to the 8 Bonus Stars challenge. The last one required a purchase of a breakfast sandwich. I love the quality of the oatmeal I always get so I was so disappointed in the poor quality of the sandwich. There was also no ketchup. With the high prices and supposed guarantee of high quality Starbucks claims to have, they should have fancy ketchup. Something at least to mask that fake egg taste. However... The coffee is always delicious. I'll just stick with that from now on."
Sam,"Scarborough, ON","Reviewed Sept. 22, 2015",1.0,"Let me just begin by saying the employees at this location are absolutely incredible! All but one that is. During my visit to this location I received very poor customer service from a barista by the name of ""Noreene"". I had ordered a latte and was short 5 cents. Unfortunately, I didn't have additional change on me at the time and had asked her if I could pay next time (as I am a regular at this location b/c I work next door), her response was ""no I can't do that because it comes out of my pay."" This comment was made in front of a long line up of customers. That's unacceptable. First of all, that is extremely unprofessional. This type of thing should not be brought up in front of a customer."
Nhu,"Oakland, CA","Reviewed Sept. 15, 2015",2.0,"I came lots of to Starbucks opposite Grand Hyatt in San Francisco. Last time, they got extremely horrible barista and then I did not come a while. Today, I came back because I love this place and hopefully something is changing. In contrast, I had been the worse customer service in my whole life and the barista is... is there discrimination with whom is tough speaking English as me and hated Asian person."
Ana,"Kernersville, NC","Reviewed Sept. 12, 2015",1.0,My family went into the Kernersville main Starbucks on 9/11 at around 8:00 pm. Three ladies were working. The young lady making drinks was moving so slow and carrying on conversations to her coworkers and friend that sat nearby. One worker felt that she needed to clean up for the night when they don't close until 10:00 or 11:00. There were like 20 drinks lined up and no one was in a rush to get the drinks prepared. To top it all the new girl that was working started picking in her nose and pulled out a wedgie while trying to help. So I politely asked for my money back. 
rob,"Concord, CA","Reviewed Sept. 1, 2015",1.0,I have been a regular at Starbucks in Concord at Oliver's crossings in port Chicago hwy. One with drive-thru in Burger King lot. I used to love it. Used to be my favorite one. They used to greet me and be fast. But I was gone sick for a week. When I came back I was ignored every time. No hello or nothing. ** rude and fake. They even greeted customers around me. I was invisible. I'll never step foot in there again. Gone way down too with staff. Also older redhead always attitude and pissed at world. She stopped saying hi to me decades ago. ** that store. Thanks.
Kathryn,"Sunland, CA","Reviewed Aug. 26, 2015",2.0,"I have been a Starbucks customer since they first came to LA. Not everyday by any means, but a long time customer. I am not a difficult customer. I order from the menu. I have worked in food service off and on for many years and owned my own restaurant so I always tip. The last two times I went to my local SB my order was incorrect. The first time I had gone to the drive through and didn't realize it until I was well on my way to where I was going and did not have the time to go back. OK, so mistakes happen. "
raman,"Saltlake City, UT","Reviewed Aug. 13, 2015",1.0,I am very good customer for the Starbucks. I went to Starbucks everyday. But today one of the employee is very rude in his behavior. I asked him can I fresh coffee. Is it wrong. He served to me bad coffee.
Michael,"New York New York, NY","Reviewed Aug. 7, 2015",1.0,"Here we go!! Every morning that I wake up all I want is 20 oz cup of dark roast coffee... is that too much to ask? I am so tired waiting in a thousands of lines for these non coffee drinkers ordering these non coffee drinks and microwave breakfast with pastries that look like they were made days ago. That's my life everyday a year ago!!! Starbucks is no longer a coffee shop!! Their focus now is to sell sweet and heavy calorie drinks for $5. Over 35 years ago the founder of Starbucks walked in his first location, driven to make the best roasted beans and serving the best tasting coffee. That foundation is long gone. If you're a social media queen and own a iPhone and love a pink drinks you made Starbucks a billion dollar company pushing the people that used to enjoy a cup coffee out!!"
gabby,"Bellflower, CA","Reviewed Aug. 2, 2015",2.0,"I ordered a Frappuccino from the Starbucks secret menu . The first I ordered a Java chip Frappuccino with toffee syrup... She asked what size and I told her. Then I ordered a green tea Frappuccino with peppermint. After I finished she said, ""I'm sorry, can you start with the size first,"" and had me order again."
wayne,"Renton, WA","Reviewed July 29, 2015",1.0,I have been buying coffee everyday for two years at the Starbucks on Rainier Ave S. and 7th St. in Renton. I have complained on two or three different occasions about the horrible customer service at this location. On the morning of July 29th 2015 I went to order my coffee at the location listed. ** was the one working at the cash register and when I ordered I told her that I would use a free one in which I had earned on my app. She was horribly rude and disrespectful. I had noticed this behavior before and I told her that I was not going to tolerate her disrespect no more. She went off and started yelling and went over to another co-worker and then they both started yelling and creating a scene. The acting manager told her to quiet down although she continued. 
ana,"Los Angeles, CA","Reviewed July 25, 2015",1.0,"I enjoy my coffee everyday. Unfortunately it has to be decaf latte. $3.00/day and with friends goes usually $20.00 bucks. I don't have problem with that, like I said. But I visited the store # 11233 in la 7/23/15 @ 4:47 pm. So, I was going to pay with $100.00 bill & the guy told me that he was not going to honor my money with no reason or apology. He just said no & he sent me to another store to change my bill. I had my kids with me. So I was unable to use my street language. I felt so bad. I can't believe how those people are trained. With no customer service skill @ all. I'm very confident that they lost my business. I have to visit another coffee shop from now on."
jill,"Hanceville, AL","Reviewed July 23, 2015",1.0,"My son Justin ** had been going to the store to look for a job. When on July 4th he had been there for over 4 hours. When he asked an employee Wendy ** to hold his computer behind the counter while he went to the restroom. He returns to the counter to get his computer that is inside a case. He returns to the table, drink some coffee, takes a phone call, open the case to the computer find that it's damaged. He asks employee what happened to the computer. She replied she did no there was two other employees there. He called me at work his mother I told him to contact the police department, he did. The police department really didn't want to fill out a report but they did. Then I talked to a lady named Lynette employee number **. She told me that she was going to have the video footage pulled. I come back to find out what had happened. I was told then that I had to get an officer from the police department full video footage. "
Sofia,"Miami, FL","Reviewed July 14, 2015",1.0,"I generally receive great service at that Starbucks. Natalie is awesome!! However, this morning I received the worst service from a Starbucks store yet! Scratch that... The worst customer service I've received from anyplace in while. The young boy at the cashier's (Danny **) was extremely rude, sarcastic and refused to accommodate my requests (which is just how I order my drink). Even if he could not accommodate my requests, (though all his coworkers always do) he could have declined in a friendly tone. As a frequent Starbucks customer I explained my concerns to him and that my drink is never a problem at any other stores or even there, when he is not the one at the cashiers- he said he could go get the manager or I could go have a nice day. Even if I were asking for the most difficult drink in the world, his lack of customer service and sarcasm were not appropriate. "
J,"Raleigh, NC","Reviewed July 14, 2015",5.0,"We have been steady customers at this store for quite some time and cannot praise the staff enough. They are courteous, helpful and always very welcoming. Luke, the store manager fosters a great team with Crystal, Jane, Dom, Jonathan, Brian, Jess, Nicki, Mimi. Starbucks should use this store as an example of great customer service.. Great job by Luke and his team."
Ryan,"Oxnard, CA","Reviewed July 13, 2015",1.0,"Know I frequent 3 different Starbucks in my area, the closest one does not have a drive-through but the other 2 do so if I have my little kids with me I go to the drive-thrus. When I'm by myself I used to go to the non-drive-thru store. Oxnard, CA and Port Hueneme, CA. Why is it every time one goes to any one of these Starbucks and orders something off their food menu, eight out of 10 times they're out of it... ""Can I have the slow roasted ham and cheese?"" Then the cashier says, ""Oh wait, let me check and see if we have any... oh I'm sorry, were out of that."" And I say ""How about the grilled cheese sandwich?"" Then the same reply... ""Sorry, we're out of that, too."" Then I say, ""Can you check to see if you still have any of the THE NEW beef sandwich on sourdough that you have pictures plastered all over place?"" Guess what the reply is???"
Claudia,"Lakewood, WA","Reviewed July 12, 2015",1.0,"In early May, in front of a co-worker, I was going to take a sip and the metal straw missed contact with my lips and hit my right front tooth and gum line. I actually cried out in pain and my co-worker laughed and I ended up laughing with her about the thought a metal straw causes me so much pain. I was in pain and misery for the next week or more not able to use my front teeth or right side to bite. Eventually pain subsided and I was left with uncomfortable pinch on the gums with certain movements."
Joy,"Mission Viejo, CA","Reviewed July 3, 2015",2.0,"I wish the employees at the Starbucks here on the Disney employee campus at Disneyland would be willing to admit that they raised their price of the Matcha water because they wanted extra revenue rather than trying to cover up the fact by saying, ""it never was the correct price before all those time you bought it."" Please Starbucks, just admit you needed the extra money rather than covering it up. Everyone needs to make a buck. I get it. I felt awkward because in the delivery, I felt it was insinuated that I had done something of ill will all this time I was getting matcha waters for a different price. Either way, I'm making homemade at home. Never coming in again."
Melissa,"Vista, CA","Reviewed July 3, 2015",2.0,"I was visiting the Starbucks at 2183 Vista Way in Oceanside. I noticed that the barista was in a hurry, I received no Hi and my friend and I noticed the girl was picking up the chairs and tables at 7:45pm. She said I could not sit because she was stacking the tables so I sat on the ledge of the sidewalk. She was not friendly and she seemed eager for us to leave when 8:25pm arrived. I am disappointed in my visit to my favorite coffee shop."
Emad,"Herndon, VA","Reviewed June 28, 2015",1.0,I used to go to this place almost every day. One day I ordered a Cup of English breakfast Tea. When I started to add sugar and Cream I found a floating saliva in the cup. I was so frustrated to complain about. That was last time ever in Starbucks stores.
Risa,"Hollywood , FL","Reviewed June 28, 2015",1.0,"I asked for the server to steam some milk for the coffee because I hate cold coffee. She asked me if I wanted a latte and I replied ""no"" and that ""I only want enough milk for the coffee."" She asked the manager and the manager stated that I would have to be charged extra for hot milk. So I asked ""is there any way to heat the milk without steaming it?"" And the manager answered ""no."" My husband had already ordered his cappuccino at that time. When I told him what happened he didn't want to stay and he canceled his order."
Jamie,"Brunswick, GA","Reviewed June 23, 2015",1.0,"I stopped going to Starbucks because they are always out of the ingredients of what I want to order. This morning I was running a little behind, so I said, ""well Starbucks is right here, I'll just go there and get that yummy Caramel Crunch Frappuccino."" I get in the drive thru and wait. Finally get my turn to order. Order said Caramel Crunch only to be told that they are out of the main ingredients. The barista then says, ""Well you can get the Caramel Frappucino."" So I got it because I had already waited long enough and I needed to get to work. "
Mark,"Leesburg, CA","Reviewed June 20, 2015",1.0,"Harlem Starbucks 125th St. The music is way too loud... like a club not a cafe. The place was filthy. People asked me for money as I sat at my table. The owner is so greedy and cheap that he won't hire enough workers. So the place remains disgusting. Avoid this place, find a nice cafe somewhere else."
Luqman,"New York, NY","Reviewed June 15, 2015",2.0,"Starbucks on 3rd Avenue and 87th Street has a great Manager whose name is **. Every time I visited their store since its grand opening around 8 months ago the staff was friendly, dedicated, and efficient. They are busy like bees, and customer friendly ** and I exchanged pleasant words occasionally. On the afternoon of June 13th maybe ** had a day off so a young (18?) female Starbucks employee took it upon herself to deny entrance to the bathroom to a sickly middle age Caucasian woman who was bent over in agony while customers waited to see when she might urinate on the floor in front of the bathroom. I am a 74 year old Chairman and CEO of a Washington DC based International Consulting firm and after realizing that ** was off that day, I pressed the combination on the bathroom door so the woman could use the restroom because that's the way we treat human beings in America."
Teo,"New York, NY","Reviewed June 10, 2015",5.0,I always love how I always get great treated at Starbucks by Greenwich 14th street here in New York City! Those guys they work non-stop to serve us and I appreciate them and I love to tip for their hard work every time I go there...
Samantha,"Arlington, TX","Reviewed June 9, 2015",2.0,I just wanted to say that the Red Velvet Cake frappe I got yesterday was absolutely disgusting! I LOVE Red Velvet Cake items but this tasted like nasty old milk with a chemical flavor. I am SO disappointed in what I received which is sad because I was really excited about the new flavors!
Victoria,"Tempe, AZ","Reviewed June 7, 2015",1.0,"Ordered blueberry oatmeal. Blueberries come separate in their own container - I put a few in my oatmeal, eat, put a few more in, eat, etc. I got to the last 5 and they were covered in MOLD - diarrhea + vomiting 4-days. They said not their problem, they refuse to let me speak to a corporate big wig. I was forced to give them 1-star above, it would not allow me to post this. I wanted to give them 0."
Sach,"Pune, Other","Reviewed June 6, 2015",2.0,"I tried to enter this customer code to enter a user online survey, but it wouldn't accept my customer code."
Vota,"Giza, Other","Reviewed June 5, 2015",1.0,I was now 5.6.2015 in your branch in Soliman Abaza Street with a lady and a man serving and I asked for 2 mango cheese cake and I was shocked that they throwing the service to each other and after I paid no one brought me it and the man swore that he'll not bring it. I was really shocked with such disgusting service.
Steven,"Ponte Vedra Beach, FL","Reviewed May 31, 2015",1.0,I have been entering these for a long time and just realized THEY DO NOTHING.
Terry,"Canton, MA","Reviewed May 24, 2015",1.0,"There is a new manager at this store. From the time she started to this very day, it's been a ""** show."" I love the new cold brew ice coffee that they came out with because the regular ice coffee tastes like cat piss. It amazes me that they refuse to make it everyday. Last week, I counted twice out of 7 days that it was an option. This store has 2 girls that run circles around this hack manager they hired. It's like she's (manager) is doing us a favor having cold brew ice coffee twice a week. They just opened a new store about 3 miles away. A lot of customers are heading that way. Don't even let me get started on the 100 yard line on the weekends. If I was the manager's boss, she'd be ** carriages at a supermarket without hesitation."
Mark,"Lahaina, Other","Reviewed May 23, 2015",1.0,"I live right across the street from Starbucks, the same Starbucks I spend $8.00 to $13.00 dollars a day at. The kids work hard at serving people. I tip them very good, sometimes I walk through not buying anything and throw couple of dollars in the tip box. I walked in today May 21st bought a cup coffee left a tip and sat down in the chair and plug my cell phone in, then an elderly lady walked in with the backpack and said she wanted to sit in the table next to me and needed to plug her computer in the outlet where I had just plugged in. I explained, ""Miss I just bought a couple coffee and sat down plugged in I'm so sorry"". She walked around with a pissed off look on her face, (you can tell she didn't have both orders in the water)."
Kindly,"Quebec, QC","Reviewed May 16, 2015",1.0,"I frequently go to different coffee shops, but when I want a latte, I usually like to go to Starbucks specifically. So my wife and I are going about our business on a Saturday afternoon and decide to pick up a coffee from a drive through Starbucks. I get to the drive through entrance and get to the speaker where I stop and wait for someone to greet me. I wait about 4-5 minutes and nobody has spoken on the speaker. At this point I start saying, ""Hello, Hello"". I do this for the next 4-5 minutes, nobody talks to us. By now all the cars in front of us have been served and are gone and there is starting to be a line up behind us. So my wife tells me to just go to the window, maybe the speaker broke. So I get there, I see people working with the headset on their heads but nobody is talking and they didn't even look my way. I say hello to them... ignored. "
Juanita,"Modesto, CA","Reviewed May 16, 2015",2.0,"Today at about 9 am I brought my granddaughter and her friends 3 drinks, the girl took my order. While working on my order she answered the cell phone, if it was a customer she was rude to them on the phone. A customer walks up and she says she'll be with them shortly as she continues to fix my drinks. The other customer gets tired of waiting and leaves (this is the second time I've been there when this has happened). When she gives me the venti drinks she tells me they have no long straws, I can walk over to the deli and see if they have some. I left stopped at the Starbucks down the road and got straws. WOW. When I got home she had given me one incorrect drink."
Abdulrazaq,"Houston, TX","Reviewed May 15, 2015",1.0,"I wanted to have a tall americano with 2 espresso double shots coffee as I do usually from starbucks. I had to explain 3 times what I wanted to the guy at the cash counter until he understood. The lady who was preparing the coffee took almost 10 minutes to prepare the coffee and when told her I wanted the extra double espresso shot as I ordered she didn't like what I said, and looked at me in an intimidating, angry and rude way and talked to me like I'm ordering a coffee for the first time in my life and said ""The coffee is already made with 2 shots"" and she didn't even offer to fix this. I never experienced anything like this in my life with starbucks. I am shocked."
Robert,"Los Angeles, CA","Reviewed May 14, 2015",1.0,"We are in hard times as it is and a cup of Starbucks coffee is the most expensive coffee around. That said, I pulled up to a Starbucks drive thru and saw a tip jar hanging out the take out window and thought to myself, ""No way, I must be hallucinating"". I'm seeing way too many tip jars as it is everywhere I go and it sickens me. It's equal to a person saying,""hey if you don't tip me, you are not as cool as the people that do"". Look, I gladly tip at restaurants because it's a way to establish how one is to be treated. Plus, there are other people involved other than the waitress such as the bus boy, etc... "
Amar,"Frisco, TX","Reviewed May 10, 2015",1.0,I had a balance of around 16$ in my account. My Account was canceled without any information and my balance was not returned to me. Starbucks User Name: **
john,"Fort Lauderdale, FL","Reviewed May 8, 2015",1.0,"Got hired at Starbucks, I was so happy. Then realized 90% of staff was gay, including SM. Was not a problem to me. But then I noticed one of the guys hitting on me, constantly, that's when I decide to tell him I was straight. Well, from then on it was like, the training slowed down, nobody wanted to train me properly, they all passed at it. I started to slack at the register and bar, I was put to clean trash and bathrooms everyday for about 3 weeks straight. When I complained to the SM, she will come up with the most ridiculous explanation."
Ende,"Albuquerque , NM","Reviewed May 7, 2015",2.0,Everyday in the morning I drink dark roast coffee at Starbucks store 10254 Coors Bypass. It is more than 5 times when I add half and half milk coffee creamer to my coffee it precipitates and produce solid white chips in the coffee. Attention!
Alma,"Westminster, CA","Reviewed May 2, 2015",1.0,"Starbucks sent me an email for the happy hour frappuccino. 3pm to 5 pm for everyone and if you're a member, you get an additional hour, which by the way I am. When it came time to pay, I was charged regular price. I said it was not 6 o'clock yet. The cashier told me it was for gold card members only. Nowhere in the email I received said anything about been a gold member only in order to get the extra hour. So I asked them to show me where does it say gold card members only. Unable to prove such thing, they gave me the special. This was the 3rd and last incident I had with Starbucks #6800 at 13102 Goldenwest St Westminster CA. I will not visit them again."
Toni,"Hayward, CA","Reviewed April 29, 2015",1.0,"I ordered travelers the night before for 7 o'clock in the morning. Not ready, everybody left confused. Little girl at the cash register is rude, said she had already said she was sorry, said it would be ready in five minutes. I was at here at 6:58 seven minutes of past, I'd be okay with it but no super apologies made by this location. They are the morning crew, they have nothing to do with what happens in the evening. To me there are Starbucks should stand behind the name. And not satisfied."
Jessica,"Stafford, TX","Reviewed April 28, 2015",1.0,"We go to the HWY 6 and Dulles Ave. Sugar Land, TX. Starbucks at least 4 times a week. Employees use to be friendly. Over the last 6 months employees have become rude with mad looks on their faces, not smiling, and not saying ""thank you."" When I go to put a top in the jar, they have already turned their backs without a ""thank you"". Whether the store is busy or slow, customer service has taken a huge nose dive into ZERO service. Also, I have been served hard pumpkin bread several times and the frappuccinos are not consistently made correctly. Do they really know the recipes? When I ask them to make one again, I get a dirty look and no apology."
Melissa,"Wilmington, NC","Reviewed April 27, 2015",1.0,I go in frequently for myself but I also bring coffee and pastries to my clients. I often get played games about the amount of money I have on my account. The entire rewards program is a joke - free drinks on your birthday and the earning of stars! I spend $150-$250 per month in personal and business use. I called Starbucks corporate office and got treated terrible. I was shocked. Port City Java you just earned yourself a new customer. Thanks.
Linda,"Vallejo, CA","Reviewed April 26, 2015",1.0,"I live in Vallejo, where we don't have a lot of coffee choices other than Starbucks. It is increasingly rare that I go into any Starbucks in Vallejo, American Canyon or elsewhere, where the MUSIC IS TOO LOUD. Too loud to have a conversation, check email on my phone, read, drink my coffee, grab a quick bite, meet with friends over coffee. It's just plain TOO LOUD and it seems to be the policy at every Starbucks. For Christ's sake turn it down! Because of the loud music, I now go out of my way to avoid Starbucks."
Mulugheta,"Raleigh, NC","Reviewed April 25, 2015",1.0,"I am Starbucks customer for more than 2 decades starting at Pike Place Market in Seattle, after I moved to Raleigh NC in November/2005 up to now still I was Starbucks customer with my whole family. But on April 25/ 2015 at 1:00 pm me and my family we went to one of your location at 6176 falls of Neuse Rd in Raleigh. We order double shot espresso and I ask her to split in two cups then to put a drip of steam milk instead of cream. She will not will to do that and she told me “go ahead and order latte instead”. This lady always rude for some reason. She is not have capable to run this customer service. Me and my family we getting frustrating and decide to get out from your location and we decided not coming back to Starbucks anymore after long time customer with Starbucks. My last suggestion to the company - think to remove this lady from this location otherwise you going lose business. I think she is the manager of this location. Thank you."
Nadine,"Albuquerque, NM","Reviewed April 24, 2015",2.0,The Starbucks in Rio Rancho/Rockaway St. 3 times have not had cinnamon. Another Starbucks in Albuquerque had no cream. And yet another 2 Starbucks said they did not have dark roast. You are a coffee shop. How do you not have dark roast??? How do you run out of the same item at the same store. Can't you go across the street and purchase cream so customers are taken care of? Customer service is unprofessional and frankly rude... no real effort in suggesting something else. Disappointed lately... hope these issues get addressed.
Kylie,"Grande Prairie, AB","Reviewed April 23, 2015",1.0,"I would like to tell you about the absolutely humiliating experience I had at one of your stores approximately an hour ago. I ordered a venti iced caramel macchiato with cream, when my order was called it was an iced coffee with mocha something. I repeated my order and the young man who had finished making my coffee said why I don't I take it anyway? I replied ""I didn't want that, thank you"" and repeated my order. I was then made an iced coffee, plain, that had some caramel drizzled over the top of it. I asked did the caramel macchiato not have actual caramel in it? That this coffee looked like a plain iced coffee with some caramel drizzled on top? One of the girls making coffee said that's exactly how we're supposed to make them and thrust the Starbucks recipe book at me and told me to look it up if I didn't believe her. "
Tuesday,"Vallejo, CA","Reviewed April 23, 2015",1.0,"First off I've been a customer at Starbucks for years, a few months ago I purchased a tea at a Starbucks merchant in SF, CA. The lid was unsecured so when I went to pick it up, hot water spilled on my left hand & left a third-degree burn. Next day called the corporate office, the man said he would send me a 100 dollar gift card for the incident. I wait 2 months - NO CARD. Call corporate again, said they sent it to the wrong address, they verified my address and resent another card. 2 weeks later I receive it go to use it and card is locked so I call them again, they said they would correct it and add an additional $25 for my troubles. Come to find out they only put $25 instead of $125, so I call again the next agent corrected it. "
Adrian,"Renton, WA","Reviewed April 22, 2015",1.0,"My daughter looked forward to going to HQ every morning for a cake pop and then asked to go up to the 8th-floor lobby and gift shop. After doing this every morning for months, we were asked to leave, though we were disrupting nobody. Won't be going back."
Sasha,"Chamblee, GA","Reviewed April 22, 2015",2.0,"After deciding that the frequency of disappointing experiences could no longer be attributed to chance, I thought I would post a brief review. Overall, I agree with many of the comments others have made regarding inattentive and sometimes seemingly uncaring service (bordering at times on rude). On a recent visit, I felt a bit foolish for asking about the availability of a favorite pastry item. The barista who took my drink order simply said NO! This sparked a [snarky-ish] discussion amongst the other baristas who remarked that they hadn't seen this time for some time. I said, ""Oh is it seasonal, then?"" There was really no need for the ridicule, IMO."
Bebesh,"San Diego, CA","Reviewed April 20, 2015",1.0,"Service at Birdrock La Jolla Starbucks - Hi guys. I am not a complainer and have been a Starbucks goer for many years. Today I was really put off by how I was treated by the staff. No one looked happy to be there. When I placed an order, I also asked a question about a breakfast sandwich (no one standing in line behind me)... for both things I practicality got an eye roll and a reluctant answer. The sandwich was thrown on the counter in front of me and when I said ""thank you,"" no one even looked up or responded. I would've made my coffee at home for this treatment."
Victoria,"Carmel, NY","Reviewed April 18, 2015",1.0,"188th St Starbucks in Fresh Meadows, NY - I bought coffee at this Starbucks and I was sitting at my table. A psycho basically panhandled me and wanted my seat. I refused to give up my seat and she threatened to ""** me up"" unless I give her my chair. She also cursed at other customers. The management was too stupid to ask her to leave or know how to deal with the situation. Perhaps one or two employees dealt with the situation properly. Only one employee apologized. I am disgusted, because they could have asked this psycho blonde girl to leave. They could have also banned her. They treat people with disrespect and in a discriminatory manner."
Doug,"Tallahassee, FL","Reviewed April 15, 2015",1.0,"I was sent an email from Starbucks again for a NEW promotion for Spring For Stars, April 14 - 20. Watch your email for each day's special offer. First offer was 3 bonus stars on any Iced Latte drink. According to Starbucks, ""Use this as many times as you like"". I did use it 3 times throughout the day on April 14th. I got 1 star for each transaction, but NO bonus stars. I called Starbucks at their 800 number and they have no record of this promotion in their database. Yet, I have been sent 3 emails on this promotion. Starbucks gives away FREE education to their employees, BUT does not want to give bonus stars for promotions. Now I see how they are paying for the FREE education."
rebecca,"Eugene, OR","Reviewed April 12, 2015",1.0,"The 'music' in store is so loud it is impossible to relax, have a conversation or conduct business in my local Starbucks in Eugene, Oregon. I have asked the baristas to turn it down. They say that they will 'get in trouble' from their manager if they adjust the volume. I used to go into Starbucks two, three times a day. Not anymore. I have a Starbucks gold card since 2008. But I can no longer tolerate the noise and will take my business elsewhere."
Joselyn,"Middletown, OH","Reviewed March 29, 2015",1.0,Went to Starbucks to get some coffee and pastries. The pastries were stale and my second pastry had mold in it. Will not be returning the Starbucks again. The Starbucks is located in Middletown Ohio town Boulevard inside of a Kroger's. Disgusting and dirty.
Teresa,"Prescott, AZ","Reviewed March 21, 2015",1.0,"We are consistently treated with disrespect and rudeness when we visit Starbucks on Highway 69 in Prescott, AZ. There are 6-7 employees working, the line is short and all employees are serving the drive-thru customers, totally ignoring us. Even when we speak up, they are rude and ignore us."
Lucie,"Gainesville, FL","Reviewed March 13, 2015",1.0,"I am not sure whether it was the coffee or the oatmeal, but I purchased both 2 days ago and ate them both at the same time. I got it in the morning...that was the first food I had that day. Within 10 minutes or so I began having really bad heartburn (This has never happened before). I felt very sick during the day and had the urge to vomit. It has been 2 days so far, I can feel the acid from my stomach constantly burning my throat. If I eat, I feel like I will vomit. I am very hungry but cannot eat or drink. "
Eric,"Oakville, ON","Reviewed March 9, 2015",3.0,"I have been a faithful customer of Starbucks because of their high quality chamomile full leaf tea that was available in store as well as for home consumption in their tin boxes bought in-store or online. Recently, their chamomile tea seems to have gone from the stores and is not available online. Gasp! Please bring it back..."
Daisy,"Martinsburg, WV","Reviewed March 4, 2015",1.0,"I tried reloading my Starbucks card using their mobile app, it did not go through. No error, no nothing. It just keeps pointing me back to the log-in information. So, I tried it a couple more times, still unsuccessful. I tried to use a different card and still doing the same. At this point, I decided to give up and just let the barista load the card for me. It went through with no problem. When I got home, I checked my online account and found out I was charged 6 times. I called Starbucks, the agent told me it was a known issue and they will release the hold after 2 days. I contacted my credit card company to find out if they can release the hold faster. They can but they need a Starbucks representative to call them."
Rafael,"Methuen, MA","Reviewed Feb. 23, 2015",1.0,"Went to open my Starbucks drink this morning at my work desk and as soon as I open the top cap, the bottom of the bottle came flying off! Soaked everything. My morning not off to a good start. Thank you Starbucks!"
Farah,"Bronx, NY","Reviewed Feb. 19, 2015",1.0,"I don't know why but the service at Starbucks on Church Street, NYC was pretty bad - rude barrister. I had ordered three different types of drink and was waiting for it; I collected the first one after a while waiting, it was not too busy. As the barrister placed the other drink on the counter, he did not say what order it was, so I picked it up and asked if this was the mocha I ordered, he said ""no it's not your drink, learn the difference"". He was very very rude about it. So I said ""okay, sorry about that"". Then I heard him telling the other customer that making the drink is not hard at all, but dealing with all of ""this"" is. And of course, he was referring to me. He shouldn't have said that. Some of the employees have bad manners, I guess they don't know what good customer service means! Individuals like that should not be working in that field."
Slavi,"Skokie, IL","Reviewed Feb. 17, 2015",1.0,"In the last couple weeks I start seeing my quad espresso getting half of the amount I usually was getting. When I asked, the Coffee Shop manager told me that Starbucks is changing the amount of the water in a single espresso shot. Now for the same money I'm getting less espresso. On top of it it is so bitter without the regular water amount it is hardly good for pleasure drinking. I suspect they would like to get their lines moving faster, but how about ""The great coffee experience at Starbucks!"" we all are lure to experience. That is extremely unfair and unjust practice. And since they are the only coffee shop in the near 50 miles around places I go you can imagine my disappointment and frustration with the half of the quad, super bitter, not healthy way of serving espresso at Starbucks."
Roger,"Bethesda, MD","Reviewed Feb. 16, 2015",2.0,I recently bought 12 bags of Starbucks coffee from Starbucks.com. They did not tell me they would be sending me coffee beans that were roasted over 6 months ago. All of the bags had expiration dates that were 5 weeks from my purchase. I called Starbucks and was told they always ship their oldest coffee first but never advise customers they are doing so when the order is placed.
Chris,"Evans, GA","Reviewed Feb. 14, 2015",2.0,"The only people I have seen move slower and care less than a Starbucks employee are the people strolling to get your popcorn at a movie theatre. I have been and will continue to go to Starbucks but sadly, it is for the same reason that most people go there... there is no competition! If anyone opens a cafe with wifi and good seating and even decent coffee... I'm gone... but so far no one has."
Caron,"El Paso, TX","Reviewed Feb. 11, 2015",2.0,"My daughter who is in Lubbock started complaining that whenever she went to the Starbucks near campus, she would always get about a half of a cup of what she ordered. Well the past couple of visits I have noticed the same problem. For a student such as my daughter and a teacher like me, Starbucks is a treat for both of us since it is on the expensive side. When we order a grande or whatever, we expect a grande. Do not tell me it's because whip cream or milk can be added. Neither of us have any of it. It's extremely disappointing to pay over 5 dollars for coffee when I am not getting the expected size."
V,"Houston, TX","Reviewed Feb. 7, 2015",1.0,"Online order # ** has been the most difficult ordering experience ever! I placed an order and as of today January 13, 2014, I have not received it. I contacted Starbucks.com on January 09, 2014 with no reply. I contacted Starbucks on January 13, 2014 and I was informed that my order can't be fulfilled. I asked to speak to a Manager and one was not available. Why does your company offer product that can't be fulfilled to their Customers? I will be awaiting an immediate response for your company to fulfill this order as promised."
Jasmine,"Cincinatti, OH","Reviewed Jan. 27, 2015",3.0,Starbucks is always so friendly and I love it so much. I've always got a card for it. Once I went there and the cashier didn't reply unless it was the amount. I just wanted to confirm that sometimes they are rude and unkind. Also may I recommend the peppermint mocha or the double chocolaty chip!!! I hope this helped!
Bhaumik,"Boardman, OH","Reviewed Jan. 27, 2015",1.0,"I bought a 12-pack of Starbucks Frappuccino Cold Coffee from Sam's Club about 3 months ago, from which one of the bottle seems to have formed some kind of coagulations into it. The expiry date on bottle says April 27, 2015. Please see attached images. I am very disappointed and would ask you to think before buying any preservative product from Starbucks."
Jennifer,"Oak Lawn, IL","Reviewed Jan. 22, 2015",5.0,"I have always enjoyed going to Starbucks for a treat. Recently, a new store opened up close to my house. I have to say, the new store is great! The other store (same distance from home, but the other direction) was always pleasant to visit, but getting in and out of the parking lot was a challenge. The new store is easy to access. The employees are helpful when asked questions about coffees. My drinks are always perfectly made the way I ask for them. I recently was given a new silver gift card keychain that I have registered and can reload. The card is nice and convenient. No more fumbling for my phone app or having to dig in my bag for my card, it's right there on my keys. The card scans easily, earning me rewards as I enjoy what is becoming more of a daily occurrence and less of a once in awhile splurge."
Ada,"Porter, TX","Reviewed Jan. 12, 2015",3.0,"I go to Starbucks almost every day (mornings mostly) and the service is top notch; they are friendly and hardly ever get it wrong even though they are so busy. Although when I go in the evening (which I usually do on my day off) it is almost always wrong even though they are hardly ever busy. I really hate having to go back to fix it because I feel like I'm being a bother and when they do fix it, sometimes it's still wrong-but close enough- so I take my victories where I can get them. Overall they are very nice (even in the evening)."
Iryna,"Edmonton , AB","Reviewed Jan. 11, 2015",1.0,"Starbucks customer service is horrible! Worst experience I ever had. No replies, help or understanding. Very cheap and rude! I cannot believe this is a big company. I do like their coffee. Too bad they have such a bad management."
Leanne,"Columbus, OH","Reviewed Jan. 7, 2015",1.0,"December 3rd 2014 at 12:49:35 pm, I went to my usual Starbucks and got my usual 2 Venti sugar free mocha frappuccino lite with 8 Splenda each and with the skinny mocha. I also got my son his usual Venti strawberries and cream frappuccino as well as a grilled cheese sandwich for myself as well as my son. I arrived back home and gave my son his sandwich and frappuccino and I started on my second frappuccino. I was in the kitchen 20 feet away when I heard my 5 year old granddaughter screaming 'daddy, daddy' and I rushed toward him seeing that his face was red and he was choking. My younger son was screaming “Mommy help him. Oh my god mom, I think he's choking.” He managed to get to his feet and I'm pounding him on the back and somehow he took his fist and basically gave himself the Heimlich maneuver. A hunk of grilled cheese came out and with it was a yellow distressed bread clip! I immediately notified the store which was pointless and then I called Starbucks customer service and notified them what happened. "
Heidrun,"Stephens City, VA","Reviewed Dec. 21, 2014",1.0,"Starbucks french roast - Pure terrible, taste awful and the smell is like fish."
Laura,"Fresno, CA","Reviewed Dec. 20, 2014",1.0,"My husband disabled has brain damage as well as some physical disabilities from a car crash. He also happens to be Mexican American. Neither are acceptable it seems to the fine people of Starbucks on Feland and Shaw in Fresno Ca. One day my husband and I sit outside of Starbucks and I go in to make our order and I am standing in line when I hear an Anglo woman complaining about immigrants to one of the Starbucks baristas who to my dismay is totally agreeing with this racist old lady. I felt embarrassed as I am Spanish and felt it was inappropriate. Well I'm waiting for a while in line when my husband knocks on the window to change his drink request with me. Its a hundred and ten degrees outside so he is sweating like mad, also a result of his disability. Well the female blonde haired barista looks at him in horror and says to the racist Anglo lady, ""There's one of them now."" She meant immigrants these two Anglo females were complaining about. She turns to me with this look of hate and condescension and screeches, ""TELL HIM TO PUT HIS SHIRT BACK ON!"" I felt like I wanted to cry because my husband had a huge scar on his chest from the accident. "
Sara ,"Apex, NC","Reviewed Dec. 17, 2014",2.0,"Recently Starbucks changed the design of their coffee cup lids. They're hard to put back on after you put cream and sugar in your coffee. I told Starbucks stores that they're not safe and they said I should call 800 number. Who has an hour to sit and chat on the phone with 800 numbers. Well last week I sat in my car comfortably with a nice hot Starbucks coffee in my hand and luckily didn't start driving. I was holding the cup in my left hand and was getting ready to start the car. Guys the lid came off. The coffee went from steering wheel to my legs, to my carpet. I called Starbucks 800 number and rep who answered was wonderful, concerned and asked numerous time if I was ok. He apologized and said he was sending this to high authority. Haha. What higher authority. They don't care. It's been a week and nothing. I can tell you one thing. This will happen to wrong person someday and Starbucks will care."
Shanna,"Acme, PA","Reviewed Dec. 10, 2014",1.0,"I went to Starbucks website November 13 to order a gift card for my brother in another state. Easy, right? Many to choose from, easy steps... I put in his name and address, hit pay with Paypal, done. Less than five minutes. The auto-reply receipt came back within a seconds with the Bill-to address as me, but his address. There was no information on the receipt as to who they were shipping it to, so I wondered. What just happened? I called them immediately. "
Desi,"Mackenzie, BC","Reviewed Dec. 9, 2014",2.0,"1005 Columbia Street New Westminster BC Canada, V3M 3X3 604-522-3002 - This Starbucks cater too much to WIFI users. The students or people don't leave until closing time. The staff encourages them to stay because it will be easy for the staff to clean up; they don't have to maintain the tables. You can buy only one coffee, the smallest and stay here until you drop dead. You can use the washroom, take home their toilet papers and drink milk after cup, after cup if you run out of money for another coffee. If you order one coffee in the morning, no need to order another. Just drink free milk. "
Mylarapu,"Maryville, MO","Reviewed Dec. 9, 2014",1.0,"I was calling starbucks, I was 45min in hold but still no one responded me. I have ordered 10$ by seeing an offer saying that if we give 10$ gift card you going to add 10$ more so that would be 20$ right? But my friend received only 10$, this is really **."
Kelly,"Benicia, CA","Reviewed Dec. 8, 2014",1.0,I ordered two Starbucks gift card from Starbucks.com over two weeks ago. My order has not processed but they tell me I can't cancel it. Hopefully I'll see these cards sometime before Christmas. I'm very disappointed that they cannot ship a gift card within 14 days. Learned my lesson.
Eva,"Wasaga Beach , ON","Reviewed Dec. 6, 2014",1.0,"I have been so disappointed in the last year with Starbucks. Coffee is never consistent, taste is either burnt or you ask for extra soy and it's cold because they put too much, or they get the drink wrong completely. Where I live I don't have many options to go enjoy a coffee, so it leaves me to go to Starbucks and cross my fingers I will enjoy my overpriced beverage. Now, on top of that, I used to get very excited about seeing what decorations Starbucks would put up, this year... all I see is red boxes, a crazy overpriced Sterling Silver key chain card (can't believe this piece of junk is $200). I realize they are a business, but they always had a way of ringing in the Christmas cheer with their cute cups, decor and friendly smiles. Now it's boring and the only focus is consumerism."
Ashley,"Redmond, WA","Reviewed Dec. 4, 2014",1.0,I ordered a chestnut praline latte and found slimy blobs on the bottom of my drink. This isn't the first time this has happened. Since I already drank most of it there wasn't anything I could do and corporate wouldn't do anything either.
Tricia,"Naga City, Other","Reviewed Dec. 4, 2014",1.0,"Hello, I just want to express my disappointment and unsatisfactory feeling with regards to your Starbucks Magsaysay Ave. Naga City branch. I am collecting stickers for your Starbucks planner and I already have 10 stickers. I was about to get another 2 stickers for today's purchase, however the cashier was not able to inform me that I have to order your offered Christmas drinks to complete the required stickers. I really like the Frappuccino drinks and the caramel macchiato which I always order whenever I visit your store. So, I carelessly order the drinks I like and did not check the rules on how to get the Starbucks planner."
Randy,"Chico, CA","Reviewed Dec. 3, 2014",1.0,"Imagine paying 200.00 in cash for an inferior product then finding out you have to call (and call and call) to get the address and a case number to return it at your expense ($16.20), insured, signature required. Oh the best part is it will take 60 days after they receive it to issue my refund. I have been a loyal if not addicted daily customer gold member before there were apps......I have never been treated as poorly as this...and not to mention these ridiculous conditions at the time of purchase (on bottom of gift box in small print), really!!!!! The only thing I can do is stop going there (2,500 to 3,000 a year). Hey you get a few of us and maybe they will do something about it."
Don,"Federal Way, WA","Reviewed Nov. 25, 2014",1.0,"I have spent most of weekend morning and again a weekday morning attempting to return the Silver keychain Starbucks card for no other reason than it is so poorly made with stickers overlaying a silver plate. All I wanted was a simple refund and was told over the phone that I could take it to Starbucks HQ since I am in close proximity which I did this morning. I have never been treated so rude and with such condescending attitudes as I was on the 8th floor by two customer service receptionists who had no interest in listening to me or assisting me. I was eventually told to make my way to their loading dock and see if anything there could help me. I always felt Starbucks was the ""Nordstrom"" of coffee restaurants but after today I clearly see different."
diane,"Greer, SC","Reviewed Nov. 22, 2014",5.0,"Best crew ever at Wade Hampton Greer South Carolina. Awesome group of people... Friendly, clean and best coffee anywhere."
Nancy,"Missoula, MT","Reviewed Nov. 21, 2014",1.0,"I went to my new, local Starbucks today with a gift certificate given to me by a friend. I have been a loyal customer of Starbucks since 1984 (30 years). I used to have coffee mailed to me every month here in Montana until we finally got a store many years ago. Imagine my utter surprise and disgust when I was told today: ""We are out of Thanksgiving Blend and won't be getting anymore in. We only have 8 oz. bags of Christmas Blend."" WHAT??!! I can't buy a pound of the seasonal coffee I adore from ANY of my local Starbucks (freestanding or in Target or Barnes and Noble) because THEY AREN'T SELLING 1 LB BAGS OF THEIR SEASONAL COFFEE. This is the stupidest idea I've heard of. I had to go home and order my pound of Christmas blend online and have it sent to me in a week. Come on, Starbucks! You need to be about the coffee, first and foremost!!!"
Bonnie,"San Juan Capistrano, CA","Reviewed Nov. 20, 2014",3.0,"I received an email 11/14/14 about our 2 cards being reloaded one for 100.00 and the other for 75.00. Finally got through to an agent and she could not find my account. Found my name but no card attached to it, found my card but no name attached to it. She gave me a number and told me to call back and give them the number. Finally got through to a person 3 days later and she is issuing a refund but she could not tell me why they took 175.00 out of our bank account and put on our Starbucks cards. The refund will take 7 to 14 days! Not happy with Starbucks, hate to give it up but will."
inshallah,"Santa Barbara, CA","Reviewed Nov. 14, 2014",1.0,"I asked a barista for hot water to make my via coffee and the mgr, heather, whispered to the barista in front of me not to service me and that I was banned. And w/o asking my name or any scene in the store, heather came around the corner to my face and told me to leave, that I was not welcome in any starbucks. And that she said if I had a problem with this, I could email Diego, the district mgr. The only complaints I’ve made are to stick up for myself against the rude mgr maria and other rude baristas the mgnt hires. They do not do good screenings or drug testing on the employees. I think that’s the problem and the fact that they’ve ignored all my complaints. And it got worse with maria’s bullying physical hostility toward me. I will not be treated this way and I will have to find another coffee store to go to. "
Wayne,"Norwalk, CT","Reviewed Nov. 14, 2014",1.0,"Discriminate south Asian customer by black workers. To be fair I stood in front of the line no one say if I want to order, even though I have my hand raised to get help at 150 Varick street NYC at 8:45 pm on November 13."
Kelly,"Chicago, IL","Reviewed Nov. 13, 2014",1.0,I ordered 2 quad shot venti skim lattes with whipped. Paid just over $11 bucks. What I got were 2 barely over halfway filled cups! The guy actually said that he used the larger sized cups to accommodate for the whipped. Acted like he was doing me such a wonderful favor! Seriously? I ordered venti and got venti cups. Not my first time at Starbucks but I was so pissed off that it may possibly be my last visit to Starbucks! Of course I didn't get a receipt either. Coincidental? I think not.
miguel,"Antipolo, Other","Reviewed Nov. 8, 2014",2.0,"I bought a Doodle it tumbler today, 11-07-14 on Starbucks Metro Walk PH. I was with my friends and a little bit in a hurry. I bought the tumbler as soon as I've ordered my coffee. When I got home I have just read that there should be a pen and an instruction included on the tumbler I bought. I checked it on the paper bag and it's not there, just wondering why didn't they asked me on the time that I'm paying for the tumbler if I would like to have the pen as well. Unfortunately I already left my receipt on the table so there's no way for me to claim my pen so I won't be able to design or doodle on my tumbler. It's sad and it's a bad customer service. They know that I am availing the doodle it tumbler, they never told me that I should have to ask for it or whatever. But I am basically a dissatisfied customer."
judy,"Green Valey, AZ","Reviewed Nov. 7, 2014",1.0,I was disappointed after purchasing the Starbuck's Breakfast Blend medium in the grocery store. It was special individual containers with the Keurig Brewed. You need to sample this. Honestly it is awful...no flavor no aroma. An unhappy customer.
Dennis,"Phoenix, AZ","Reviewed Nov. 6, 2014",1.0,"I recently began purchasing coffee each morning at Starbucks at 'The River' mall in Rancho Mirage CA. The staff is completely incompetent and so I presume also the management as well. I am a 51 year old business major so I think I'm qualified to make this critique. One woman with curly grey hair particularly annoys me with her arrogance and flippant demeanor towards me. I ask for creamer or what the flavors of coffee are because a half hour after they open there are no signs on the coffee of the day board. She acts like I kicked her dog or something. Another woman tells me on Sunday when they're supposed to open at 5:30 that she's sorry but a manager failed to show up that morning. I have to think this an untruth because I know of no manager that shows up at 5:00 am on a Sunday. If competent help were available I see no need for a manager to be there. And if not, yet another poor service from this coffee shop. "
Mark,"Cary, NC","Reviewed Oct. 29, 2014",1.0,I tried to cancel my mobile app. After 30 minutes I was informed that they would refund part of the money. The customer service rep said that part of the money could not be refunded. When I originally got the app there was no statement that part of the funds would be non refundable.
Jacy,"Jacksonville, FL","Reviewed Oct. 28, 2014",2.0,"Thanks to ** the store on Roosevelt Blvd. will not see me twice daily during the work week! ** is so busy trying to play the smartest guy in the room when he really should be concentrating on making the drink orders for his customers correctly! ** claimed he knew how to make my black tea latte .... Wrong!! It is very simple... Awake tea, no sweetener, non-fat milk, and free pour the milk. Well, Mr. ** decides to gives me Earl Grey and uses the spoon to hold back the foam."
gabriele,"Vienna, Other","Reviewed Oct. 27, 2014",1.0,"I DID NOT BELIEVE MY EYES! Today at 7:30 I bought my morning coffee in the Starbucks shop at the general hospital (AKH) in the city of Vienna, when I saw a fat RAT(!!!) sitting under one of the sofa chairs..... When I told the store manager (**/female), she said I am imagining things, and THREW ME OUT of the store!!!!! Starbuck has become a health hazard, and I wont spent ANY money there anymore! "
Luis,"Mexico, Other","Reviewed Oct. 20, 2014",1.0,Just to tell you that I found lots of bugs in my cocoa drink in the convention center in Gaylord Palms Resort in Florida. I have made a complain in the front desk and they help me. But I don't know if I can lawsuit against Starbucks because I have drink and swallow some bugs. I have a picture of the coffee full of bugs and several witnesses then were with me.
Andriy,"Brooklyn, NY","Reviewed Oct. 2, 2014",1.0,"I went to Starbucks in Indiana state (Henry Schricker travel plaza; store code 0403907) in 9/30/14 at 8:19 am. I ordered Ice caramel macchiato, cheese danish and juice Naked for a total $13.42. I paid by cash. I gave to cashier (her name **, her ID #**) $100 bill (only bill that I had). She gave my change $56.58 (the change suppose to be $86.58). I took money I started to count my change in front of her and told her that she gave me not enough, that she suppose to give me $30 more. Her answer kill me: ""I gave you all change; you lost it."" I told her that I was not going anywhere, I was staying in front of her waiting for the order. She said that if I can't handle my money, it is my problem. I was in shock. Then I asked manager. ""The manager"" came right away. She even did not asked what was the problem. She took my change, took all money from the cashier, went on the back somewhere. And few minutes later they came back, gave me $46 (but took $56), and told me that their cashier has no extra money; everything is fine. "
June,"Jupiter, FL","Reviewed Sept. 24, 2014",5.0,I had two Starbucks accounts I wanted to combine into one. Wasn't really sure who to call so I called phone number I found on website. The Rep who answered the phone was so helpful and quick to resolve my issue. Very pleasant also. Great experience
Alma,"Jonesboro, GA","Reviewed Sept. 12, 2014",2.0,I received a gift card and I wanted to treat my son to lunch. We ordered the Santa Fe chicken Panini and was told they only had one. How disappointing. I guess I'll stick to coffee only.
lerry,"Fair Oaks, CA","Reviewed Sept. 9, 2014",1.0,The only good part about Starbucks is the convenience. I usually get a regular coffee. The lid will always spill coffee from the lid and when I carry it. Most of the time when I use my card I get charged twice.
Lucy,"Asheville, NC","Reviewed Sept. 6, 2014",2.0,I was at your Merrimon Ave location in Asheville and ** and ** refused to make a sample of any drink... I am 70 and not used to be treated with disrespect... They chuckled as I walked away... Needless to say that I won't visit your place any longer. 
Derek,"Sylvan Lake, AB","Reviewed Sept. 5, 2014",1.0,"Today was a grey day. I thought a venti Caramel macchiato would be a great pick up. There were 4 vehicles in the drive-thru, thought it would not take long. Boy was I wrong. It prob took at least 12 min to get to window. I was greeted by a young coffee barista. She took my money, gave my change back, was very friendly and then... it happened. I sat for 7 min waiting for my venti Caramel macchiato skinny. Not being a coffee barista I saw a line of coffees waiting on drive through counter. I was wondering why she didn't give me my coffee. I tried getting her attention but nothing. 7 min later she opened the window to ask me what I ordered. I almost blew a gasket. My coffee was sitting there the whole time. She allowed me to vent gave me my coffee. I drove off to realize it was warm ahhh. "
Ellen,"Mountain Home, NC","Reviewed Sept. 3, 2014",1.0,"I recently spoke with a manager at Starbucks concerning employment. I was told that they do not hire people of my age because they cannot remember the recipes. I believe that is age discrimination. I laughed at first but realized the young man was serious. He did take my name and phone number. I think that maybe you should train your managers about the law of discrimination. Regardless of my age, I am capable of remembering recipes and doing the job. My sister did post this on Facebook and many people responded with saying I should bring about a lawsuit against you. What do you think? Feels a lawsuit is order due to age discrimination."
George ,"San Diego, CA","Reviewed Sept. 1, 2014",1.0,"At approx 1600 hrs (actual time can be checked with SDPD) on Sunday, August 31, 2014 an officious, antagonistic employee contacted the San Diego Police Dept claiming I was drinking alcoholic beverages in their establishment (HARBOR/LANDING ST) San Diego. Police arrived to evidently determine that statement to be false. Both officers interviewed me and opted NOT TO PERFORM A FIELD SOBRIETY TEST. They both stated they were there to escort me out per the officious, young manager's orders. I left, drove out in front of the officers patrol cars......neither made any attempt to stop me per a reasonable suspicion that I might me driving ""under the influence"". At this moment I am researching the internet to locate an atty to handle the lawsuit."
Linda,"Melb. Bch, FL","Reviewed Aug. 30, 2014",1.0,"Every Starbucks I have visited recently to purchase the organic ""Breakfast Blend"" has the employees giving the same identical statement, ""all coffee is organic until ground"". Really? Then why doesn't it state on the package that it is organic? How would grinding the coffee make it NOT organic anymore? Why can't the employees at Starbucks be honest and simply state that Starbucks doesn't carry the ""Breakfast Blend"" in organic anymore? They do carry ONE type of organic coffee, but it is a very strong blend, and it does state ORGANIC on the package. IF it is ALL ORGANIC (until ground), then why don't the other packages state ""ORGANIC"" on the package? They are implying that through the grinding process (even at your home) chemicals are added to your coffee beans (grind). Do they even know what the term ""ORGANIC"" means? Then how could anyone trust the word ""ORGANIC"" on their Yukon package?"
Eldon,"Medical Lake, WA","Reviewed Aug. 29, 2014",1.0,"Please allow me to introduce myself before placing my complaint before you. I have been one of your loyal customers for years. I have even carried your coffee to Mexico where my dear friend, Dr. Diaz **, formerly the man over all government hospitals and I would taste compare to some of the finer Mexican coffees. In my mind, your blends always emerged victorious."
Bill,"Seattle, WA","Reviewed Aug. 28, 2014",1.0,"Last Wednesday, someone compromised my Starbucks card and bought 62 $100 gift cards, which went into my bank account via PayPal. Fortunately or not, I don't keep $6000+ in my account, so it was overdrawn. Everyone except Starbucks has handled this wonderfully. PayPal customer service and my credit union (BECU) have gone out of their way to be generous. Not Starbucks. I called on the morning. I discovered the fraud and opened a case. The person I spoke with said someone would call me. I called back four hours later and was told someone would contact me within 3-4 business days, and the issue would be resolved within 7-10 business days. At that point, I requested a manager and was denied - literally told “no, you can't speak with a manager until our investigation is complete.”"
J,"Chicago, IL","Reviewed Aug. 27, 2014",1.0,"I am simply writing to vent my frustration in an attempt to get Starbucks' attention (futile though that effort may be). My Starbucks loyalty rewards card was deactivated this morning, a card that had a monetary value. The in-store staff have been great but because they cannot reactivate the card, they directed me to customer service. Customer service told me, among other things, that the card was deactivated because I was ""not compliant with the terms of use."" Hmm. The in-store staff indicated that the change in terms that customer service referred to occurred about 2 years ago, but would not have affected my use of the card (that change apparently dealt with charges for extras)."
Jenava,"Broken Arrow, OK","Reviewed Aug. 18, 2014",4.0,"Early this morning was my first day back in college classes along with starting a brand new job downtown. I stood in line for over 15 minutes watching people that had ordered after me get their delicious beverages and head out the door in a timely manner. I was starting to get annoyed and I made eye contact with the barista that took my order. Finally, after a couple minutes she came over and handed me a card and apologized that my drink got lost among the multiple drink orders that were being made. Then she handed the initial drink I ordered. After she handed me the card I read the front. It was a free drink on Starbucks for the inconvenience. Although, it wasn't how my usual morning coffee run ends up. I was impressed by how the barista handled the situation."
Delores,"Oxnard, CA","Reviewed Aug. 12, 2014",1.0,"Poor service to paying customer than non paying customers - Supervisor Edgar in shorts uniform and barista chubby girl didn't remove non-paying customers by security guard, after removing the two deaf women's argument over one charging plug station with lounge chair. Unresolved issue and not reported to manager of store."
Richard,"Huntingdon, Other","Reviewed Aug. 11, 2014",1.0,"I have just arrived at the Calais Euro tunnel and gave my son ten pounds sterling to purchase a chocolate frappuccino priced at €5.65 and when he paid in sterling with £10 they would only give change in Euros which totaled €4.55. When I queried the cost and studied the receipt, I was astounded to see that their exchange rate for £10 sterling came to a total of €10.20 (equivalent to €1.02 to £1). This is an absolute disgrace when paying for a lasciviously overpriced product anyway given that today's exchange rate is €1.25 to £1."
Sabrina,"Aurora, CO","Reviewed Aug. 6, 2014",2.0,"I went into Starbucks in Aurora, CO with a coupon for a buy one get one free drink and they wouldn't honor the coupon. What's the point in even signing up for emails if they won't honor their coupons? The expiration date was for September 2014. I really enjoy giving you guys business every day. I just feel like it would be nice to be rewarded every once in a while."
Will,"Los Angeles, CA","Reviewed July 30, 2014",2.0,"I'm a regular customer at Starbucks and I never knew that you had to buy a Cup of hot water for Tazo Tea which is a brand of Tea from Starbucks, I always buy it by the box! On 7/29/2014 about 1:30pm one of your Managers by the name of **, Store Manager @ 9718 Washington Blvd in Culver City, Ca 90232...Ph#310-204-1075. I told her that I had never heard of this policy and I offered to pay her for the hot water, then she said there wasn't any way that she could Charge me for the water, of course I became puzzled and asked her to please accept the money, even though I found this to be ridiculous and she went on to tell me ""Starbucks has always charged customers for cups and water whether you have our brand or not""!"
chelsie,"Portland, TX","Reviewed July 26, 2014",1.0,"This morning, I woke up early to go fishing and I got to Starbucks at 5:50 and the store in Portland, Texas opens at 5:30. So I pulled through the drive thru and nobody answered. I drove around to the front and tried to walk into the front and the doors are locked and the manager is standing there just looking at me. So I pulled back through the drive thru and I called the store and she ignored my call, so I proceeded to knock on the window and she said, ""We're closed"", in a very snappy manner. I said, ""It's 5:50"" and she said ""sorry about it"". This manager is very rude, and always is. Her last name is **."
Jeffrey,"Loa Angles, CA","Reviewed July 26, 2014",1.0,"I came into your Palm Springs location and women behind counter not welcoming and let me stand there and finally said, ""You're not where people order."" No sign. Just thought she was unfriendly. I am not pleased."
Pete,"Huntersville, NC","Reviewed July 23, 2014",1.0,"I've been a loyal, daily customer until recently. I had loaded a $50 gift card from a third party bringing my balance to $85. After accepting the card transfer, something went wrong and instead of just removing the $50 in question, they closed my account and took my entire $85 balance. I was told that even if I loaded my card with $499 in cash and had used a bad card for $1, they would take the entire $500! I asked several times for my $35 and was told no. I know it's not a lot of money, but it is the principle. I'm not sure if that practice is legal, but I know it is highly UNETHICAL."
Marlene,"New York, NY","Reviewed July 18, 2014",2.0,"I go to Starbucks, 68th & 1st ave in NYC. In my opinion you must put the slowest workers in a very busy store. I have walked out more than once."
Sara ,"Apex, NC","Reviewed July 17, 2014",2.0,"I called the company several times and no information where my money went. I bought a gift card from a guy. The transaction took place at Walnut street Starbucks in Cary, NC. The lady at Starbucks took that Guy's iPhone and transferred the money to my card... everything went smoothly. I put the card in safe place and didn't use it for a while. One day I tried using it and it said it has 0 balance. I have receipt but still Starbucks is not refunding. Has this happened to anyone else?"
Benita,"Lexington, KY","Reviewed July 15, 2014",1.0,"I ordered trente Valencia orange drinks with no ice and she gave me two one half cup fills of drink. When I told her this was not right, she said that is what her manager told her to do. I would have to fill the cup totally full if ice for this drink to go to top of cup. The drinks cost $4.25 and you get a little drink with your ice and cup. Their lemon pound is stale everyday but one out of the week."
Kelly,"Sacramento, CA","Reviewed July 14, 2014",1.0,"According to the Americans with Disabilities Act, I am allowed to bring my service animal anywhere that anyone can go. Thus meaning that I can bring my SERVICE DOG into a Starbucks here in Sacramento, California. I was told to take my service animal outside of this store and tie him up on the bicycle rack that was located on the patio next to parking spaces for vehicles. That means that technically speaking I would have a lawsuit against Starbucks because of my service animal that has his vest, dog tags, and his paperwork. I am sick and tired of being told that I cannot take my service dog where I need him to go with me for my P.T.S.D., T.B.I., AND S.D.D. THIS IS DISCRIMINATION!!!"
joe,"Pensacola, FL","Reviewed July 12, 2014",1.0,"I bought a $10 Starbucks card through Groupon on a promotion. I immediately started receiving Starbucks ads via email. Thus the probable reason for the promotion. But when I went to use it at my nearest Starbucks, located in a Target store, they could not confirm that it existed. I called Starbucks and they confirmed that I had the full amount on the card. They further said that NOT ALL Starbucks accepted the card, especially ones in retail stores. I needed to go to a stand-alone Starbucks to use it or transfer it to an existing card. My nearest stand-alone Starbucks is 24 miles away. While I like Starbucks, although grossly overpriced, this has left a bad taste in my mouth and I will hesitate to visit one in the future. I have already blocked all Starbucks emails."
Kate,"Eugene, OR","Reviewed July 8, 2014",1.0,"The last few times I've gone to this Starbucks, the barista named Kayce ** was really unsociable and seemed like she was judging me for my method of paying for my Starbucks drinks. She was super talkative with the customers before me and then when it was my turn she rushed me through my ordering experience. I even initiated a conversation with her once and was pretty much ignored. She does not seem like she likes working at Starbucks at all!"
Riz,"Toronto, ON","Reviewed June 17, 2014",1.0,Employee at the Starbucks branch at the Toronto Eaton Centre (store within Indigo Chapters) saw me approaching and completely ignored me until her colleague noticed and took my order instead. I stood in line like anyone else and said hi and made my order like anyone else - but when I spoke she kept looking down and wouldn't answer me - she only responded when her colleague noticed. This was rude and extremely insulting and I wish I'd gotten her name.
Steffanie,"Pleasant Hill, CA","Reviewed May 28, 2014",2.0,"My husband goes to the Virginia Hills Starbucks in Martinez, CA every morning for our coffee. I always have a Venti Cinnamon Latte. For the last two months the amount in the cup has been getting less and less. This morning my latte level was at the third square down that reads syrup. I'm sorry, but for the amount of money we pay for this I expect the cup to be pretty full. This may seem like a small thing to complain about but I can tell you this is the first time I have ever made a customer complaint so it isn't small to me. I won't be buying from this Starbucks again."
Kelly,"Vancouver, WA","Reviewed May 19, 2014",1.0,"I have been making a special product for over 15 years and everyone of my friends and family encouraged me to send it into Starbucks. After two Christmases in a row it sold out in local cafes and I was unable to meet special orders. So I made up a fresh batch, boxed it up nicely and decorated the packages. I wrote a very nice letter giving the CEO my background and even sent it with a return signature so he would know how to trace the package back to the sender."
Jenny,"Hanford, CA","Reviewed April 4, 2014",1.0,"I was poisoned by my smoothie. After a few hours, my stomachache got worse and worse. Then came 24 hours of extreme vomiting. Could not even keep water down. I got fever, the runs. If I can't keep water down by tomorrow, it is off to the hospital for me. Starbucks needs to pay better attention to product handling and storage. I will never ever go back."
Nathanial,"Fountain Valley, CA","Reviewed April 1, 2014",3.0,"Just to comment to Emily who believes she can park in the handicapped parking space without consequence. You may not read this but on the small chance you do, I will take the time to share my thoughts as a reader of your complaint post. You were, undoubtedly, in the wrong with this Starbucks incident. When someone asked you to move your car, it was less likely because they singled you out for harassment but more likely because you're one of the frequent violators that has the audacity to believe that your convenience for parking near the store is of greater value than the possible impact of inconvenience caused to those disabled individuals that actually need and rely on those designated spaces. "
sarah,"Cincinnati, OH","Reviewed March 30, 2014",1.0,"I bought a commuter mug in late December - their promotion of ""Buy a $60.00 mug and get free drinks all January"". Stainless steel with a screen print of the original Starbucks location. The lip is rusting now, after 3 months use. When I contacted them, they said they had no warranty on their goods, and the return policy was restricted to 60 days (with receipt). I don't expect stainless steel to rust."
Tom,"Las Vegas, NV","Reviewed March 28, 2014",1.0,"I recently purchased two $100 Starbucks gift cards off of eBay from two separate owners. I received them, consolidated them onto a single card and even transferred my own funds from another registered card onto this card. All amounts were there and all was good. I went to use my Starbucks gift card (with a $214.02 balance) on the morning of 3/27/14 and was told the account was closed! You can how I felt! I got right on the phone with Starbucks customer service and was told that this account was closed due to fraudulent activity. I asked for details so I could research with my sellers on eBay and they provided nothing. I notified both eBay sellers...One took it upon themselves to contact Starbucks directly and was informed by Starbucks that it was not his card that was fraudulent but the other $100 that was illegal. The second seller was very receptive and refunded my purchase amount within the day."
Maddie,"Pismo Beach, CA","Reviewed March 27, 2014",1.0,"On 3/23/2014 at approx. 5:40pm I went to the drive thru Starbucks located on 32340 Alvarado Blvd, Union City, CA 94587. Upon arrival, my boyfriend asked if a drip coffee was available as we are not heavy coffee drinkers and wanted to venture out of our usual drinks. The barista first laughed and I can clearly hear from the drive thru window of her telling her colleagues of what we ordered while chuckling, then she asked what size we wanted. We ordered a tall and then proceeded to ask if an Americano was stronger in caffeine or the drip coffee. She sarcastically said that coffee is stronger than espresso, but was chuckling the whole time and double repeated that I just wanted a ""tall plain black coffee"". We then proceeded to the window and the same barista leaned out of the window to say, ""I'm sorry that I laughed, but you don't think we have coffee here at a coffee shop?"" "
Raul ,"Las Cruces, NM","Reviewed March 25, 2014",1.0,"In the last three weeks at two different locations of SBX in Las Cruces, NM I paid for a tall cup of reg coffee. At least four times the barista tipped the larger brewer giving me the ""bottom of the barrel."" I'm glad I was watching. They apologized and gave me coffee from another container. I don't think it's the employee's fault, I'm sure they're following corp policy. Also I've witnessed so many discrepancies of cost, charges, add on charges, on and on. I've witnessed folks order food and ask where is the order. I hear the barista say ""I forgot, sorry."" This with only a few customers in the store. Sadly it seems they don't pay the experienced baristas to stay and hire new folks and train them on the job. You hear at the register ""oh, excuse them they're in training"" or ""This is my second day."" I only go to SBX if a friend is paying for my drink. :)"
Anny,"Modesto, CA","Reviewed March 21, 2014",1.0,"Ordered my usual tall iced doppio espresso with milk and hazelnut. Never paid more than $2.45. I get charged extra for sweetened flavoring, but was at the Los Banos, CA location and was charged an extra 55 cents for milk. I asked the barista at the window why I was charged for something that is provided for free at the counter and she said that because she filled it up to the rim. It was a tall drink. It wasn't even like I asked for a gallon of milk!!! The girl talked to me like I was dumb. I asked another barista a different day why I was charged for milk and she said I shouldn't have been charged. I'm so disappointed and the girl that charged me acted like I was trying to get something for free!!!"
Walker,"Fort Myers, FL","Reviewed March 18, 2014",1.0,"There was a long black hair in my blended beverage. Not on my sandwich which I might be able to see before it entered my mouth, but inside my blended beverage which was in turn sucked through my straw into my mouth with who knows how many smaller chopped up pieces... I’m done with Starbucks as a whole."
Charlotte,"Lebanon, TN","Reviewed March 9, 2014",1.0,"I went into your Franklin TN location after having a series of cardio tests. I was dressed in workout clothes without makeup. When it was my turn to order, your employee looked around me and asked to help the person behind me. I said, ""excuse me, I was next in line."" She took the woman's order, made her order first, and apologized for me saying I was first. I left without my order, of course. I was polite. because I had done nothing to cause this behavior. I am a therapist, with a successful practice. Wow, your employees can use some customer service training. Just thought you would like to know. I would want to know if one of my employees treated a customer in that fashion."
Mindy,"Marysville, WA","Reviewed Jan. 8, 2014",3.0,"Got our Verismo in early December. Works great and love the coffee we get out of it. The issue is the availability of the pods. Several grocery stores in our small town have in store Starbucks, but none cary the Verismo pods. They do, however, carry the K-cup pods. The one Starbucks store close to us (1 1/2 miles) has been out of espresso pods the three times we have stopped by. The only dark roast is Verona, and that same store has had only decaf on two occasions. I'm wishing I had bought a Keurig instead, as availability of Starbucks coffee is much better. I'm giving it another month, and if things haven't improved I'm putting my Verismo on eBay."
Araceli,"Mission, TX","Reviewed Dec. 30, 2013",1.0,"The other day, Dec. 28th 2013, my son and I bought a caramel frappuccino and a slice of bread, at Starbucks. I was drinking the coffee heading back home and I ate a bite of the bread. We stop at a Dollar Store and when I was at the register, my stomach started feeling upset and my body was shaking. I got on my car and started driving back home. I had to pull aside. I was throwing up continuously on my car. After I finish throwing up, my lips started feeling numb and I rush to get home and change because I was covered in vomit. When I arrive home, my eye and face were swollen. My hand and body had a rash so I rushed myself to the hospital. When I arrive to the hospital, I had difficulty breathing. At the hospital, they had to give me three different IV's to get the rash and symptoms down. I told the doctor that after 25 min that I drank the coffee, I started feeling sick and he told me that I had food poison by something in the coffee. "
Krystallena,"Hollywood, FL","Reviewed Dec. 10, 2013",1.0,"I was burned by hot water from a cup without a lid when I purchased a drink back on August 17, 2013. The Barista who handed me the cup at the register even got the burn spray and bandage for me. In result I had to go to the hospital and incurred a bill. I now have a scar on my left hand and had 1-3 degree burns from this incident. This happened at Store # 7373, 107 e 43rd Street, Space MC-72, New York, NY 212 599 4368."
Umi,"Bloomington, MN","Reviewed Dec. 5, 2013",4.0,"Had a few bad experiences at a local Starbucks, 3 out of the last 5 drinks were wrong. So I wrote a complaint to Starbucks customer relations. About a day later I got an email, that even said they would look into the service at at location. About 2 weeks later, I got a letter and 2 free drink cards sent. I definitely think it's a step in the right directions, some locations have offered great service and this location continued to provide subpar even at times bad service. The reply although won't fix the location, it's a hope it might and definitely more than I have ever received from McDonald's, the 10s of times I've complaint about a particular location, primarily the one right next to my house. So yes all in all the overall customer service I have received from Starbucks have been positive. Attached the letter and coupons, had to cut of the top half of the letter, because my name is in it and unfortunately it also cropped out the Starbucks header."
David,"Phoenix, AZ","Reviewed Dec. 3, 2013",1.0,"Treated like an idiot because I asked for a water with my order. They then gave me the wrong drink. Ended up being another customers. This upset the other customer. The ladies that work here are idiots. They try to remember people’s orders and names, and get them wrong every time. I find it hard to believe that I used to got to this place with such fakeness."
Joffre,"Balwyn North, BC","Reviewed Nov. 18, 2013",1.0,I do not know why Kraft would want to distribute Starbucks Coffee. It is the worst coffee I have ever tasted and they have no idea how to make a good coffee. Come to Australia to see how it is done.
Jen,"Novato, CA","Reviewed Oct. 23, 2013",1.0,Manager attacked my sister and I. We were smoking 20 feet away from door and policy there is 10. Her employee was smoking in her car next to us and she was ok with that until she saw us smoking and started yelling at us. We were sitting minding our own business trying to have a personal conversation and she went off. She is always rude and has a attitude. I used to go there all the time but not anymore. And we had to call the police because it was total harassment. She was so out of line and we told her to just stop yelling and go away and that made her more mad. We have never been treated so bad by anyone anywhere in our lives. We smoke outside by the ashtray and so do the police when they come have coffee and we know all of them because our father was a cop in that area. Making a corporate complaint for being harassed.
Maryse,"Melville, NY","Reviewed Oct. 13, 2013",2.0,"Poor service at the Starbucks on Main St in Smithtown, NY. On September 2013, I was short changed 5.00 dollars. I gave the cashier 10.00 dollars. He gave 1.38 back. When I complained and ask to speak to the manager, he told that he was the manager. I was so angry I walked away. I will never step foot in a Starbucks again. If this how they thank their customers then they don't need my money. It already is ridiculously expensive. So I will be going to Seven Eleven!!!!"
Steve,"Denver, CO","Reviewed Oct. 4, 2013",2.0,"What used to be a quiet spot for coffee and a morning snack has changed. In addition to baristas shouting orders, there is the tapping of stainless steel containers and music turned up to an annoying level. Trying to get the attention of a barista to inform them of the extraneous noise is almost impossible. To end, I assume Starbucks has made their gobs of dollars and that the customer's attitude can be damned. I have been a customer of Starbucks for at least 15 years; I may have to drink elsewhere."
Emily,"South Salem, NY","Reviewed Sept. 23, 2013",1.0,"Yesterday, I went to Starbucks for what I thought was going to be a relaxing cup of coffee. I planned on meeting my friend there and having a relaxing time. Well it didn't go as planned because, I parked in the handicapped spot (no I didn't have a handicapped sticker) and I was standing on line when a store associate in front of everyone stood in the middle of the store and loudly said “Is that your car in the handicapped spot?” and I responded “Yes” He says “Can you move it?” I said “no” and I began explaining why when another store associate (female) began getting loud and telling me I had to move it. I said I was not moving my car because they pick and choose when they want to enforce this rule and when it’s convenient for them. I continued to say if you’re going to enforce a rule it needs to be enforced all the time not just when it’s convenient to enforce. "
David,"Toledo, OH","Reviewed Aug. 16, 2013",1.0,"WARNING: I recommend that you check all of your credit card statements every month for ""STARBUCKS CARD RELOAD"" transactions. My Visa CSR informed me that ""a lot of stolen credit card numbers (not physical cards) are used to reload Starbucks cards"". My bank's CSR informed me that I will probably not receive a credit from Starbucks before November for the $100 Visa charge to reload some stranger's Starbucks card in July. Note: Other than a ""case number"", I received no information from four Starbucks CSRs."
Jessica,"Napa, CA","Reviewed Aug. 6, 2013",2.0,Looking at my back statement I see them charging me doubles more often than one time within a day when I only got coffee once there.
Daniel,"Humble, TX","Reviewed July 18, 2013",1.0,"I have been having issues with this STARBUCKS location in Humble TX 1501 FM1960. I always order my coffee at 110 degree so it is not too hot for me to drink. There is one particular person who always makes it too hot. This time it was very hot and I was unaware because of the out shield holder. So I took a big drink and scalded my mouth and throat and spitted out the coffee all over my car and spilled the other portion on my lap. I turned my car around to tell them something. When I approached the girl she said it has nothing to do with her and I have nothing to complain about. I became very angry and told her this better not ever happen again. Then once more she gave my wife and I another incident. This time I called the Starbucks number and notified the regional manager and they told me they would send me a $25 gift card. However, this is not justice... This girl owes my wife and I a sincere apology or she should be fired."
Andrew,"New York, NY","Reviewed July 15, 2013",1.0,"I ordered a tall ice coffee and a cup of ice water, and they gave me a grande ice coffee and tried to charge me for it when I specifically told them that I wanted a tall. Another time the Starbucks employee gave me my change and told me not long after that she had given me too much change (that she had given ten cents extra) and when I gave it back to her she was no longer over the counter and instead of putting the money back into the drawer she just took it in her hand. Just yesterday I walked into a Starbucks to order my usual tall ice coffee and the employee gave me an attitude and spoke to me in a barely audible voice, and she looked visibly distressed that I was standing in front of her ordering a drink. "
Kip,"Vallejo, CA","Reviewed June 27, 2013",1.0,"I want to share with you a story about how Starbucks really feels about you. I am a Starbucks almost daily regular, so much so that they sent me one of their gold cards. I was in the Starbucks in Vallejo, California at the junction of 780 & 80 the Monday before last, waiting in line and another customer came in to the store, who was obviously angry and troubled though I did not know why. I felt that he was on the verge of doing something although I did not know what. One of the counter people then smiled and said something to him, which eased my apprehension for a moment. "
Susan,"Scottsdale, AZ","Reviewed June 10, 2013",1.0,"I had a balance of $27.93 showing on my card every time I looked at it for quite some time on my regular Starbucks card. Last Saturday, I attempted to transfer it to the gold card and the transfer wasn't complete, but the balance shows zero on my regular card and did not show up in the gold card. They told me I had not refreshed my card on the internet. Now I've looked at that balance on several different internet screens, so I'm not sure what they are saying. On the iPhone passbook it still shows the $27.93 balance, but nowhere else. What happened to it? They said I didn't have a balance."
Jose,"Los Angeles, CA","Reviewed June 2, 2013",2.0,"This morning, I picked up the Sunday edition of the NY Times and paid a healthy $6.00 for it, only to discover that this freshly opened paper was missing sections. In the past, I had picked up the same paper and found 2-3 sections missing, and attributed it to someone rifling through it at the store prior to purchasing it. But this morning, the newspapers were still bound together and had not been read or touched by a prior reader. And again, the travel section and the book review section were missing - and those are my two favorite parts! Now I realize that the prior incidents were not done by someone else and instead, this local Starbucks receives and sells a partial paper for full price. Has anyone else encountered this?"
Karen,"Grove City, OH","Reviewed May 4, 2013",2.0,"I live in Grove City, Ohio and our Starbucks employees are awesome and friendly! I go there so much they know me. So my complaint isn't about our franchises here or the employees. I am bored of the choices that are offered and I think the Mocha Coconut Frappe should be brought back! It's cool and refreshing and not too rich. It seems that if you don't like caramel, your choices are pretty limited, which I find annoying. I always look forward to the change of seasons to see what new things you're going to have but lately it's just the same stuff over and over again! So, I have resorted to trying frozen coffee drinks elsewhere because it's something different! And they are cheaper! I want the Mocha Coconut brought back along with the Mocha Malt Frappe that you had summer 8 years ago or so. It was very, very good!"
Davida,"Las Vegas, NV","Reviewed April 30, 2013",1.0,"I had to wait in a very long line 5 different times to get my order correct. All I wanted was my scone heated and served with a fork and napkin. Why was that so difficult? Toddler walked in with his mom and started hitting both me and my laptop. Mom said, ""He wasn't hitting you that hard."" I said, ""It doesn't have to be that hard if you live in chronic pain."" Starbucks' employees did nothing to help me. I had to quickly leave. Police said that I should have called them ASAP. I did not want to cause a scene. Corporate Starbucks sided with the employees and said they shouldn't have helped me at all."
Theresa,"Chicago, IL","Reviewed March 26, 2013",1.0,"The Starbucks on North and Wells has got to have the worst customer service of any Starbucks I've been to throughout the entire country. Why is it if they mess up a simple drink, they give the customer an attitude? No matter how many times I clearly repeat my uncomplicated drink, more often than not, they make it wrong. Then, how dare I ask to have them politely remake it... how dare I! Newsflash Starbucks employees, if you make a drink wrong, you might have to remake it. Shocking, I know. When you make a customer's $6 drink wrong, it’s not their fault, it's yours. Therefore, instead of giving an attitude, the right thing to do would be to apologize for your error."
Bill,"Fort Myers, FL","Reviewed March 22, 2013",1.0,"I go to Starbucks often and this is the closest to my home. I most often drink iced coffee with milk. They almost always try to ""sweeten it."" I never order it sweetened, I always say nothing else after placing my order. This is not what prompted this review. Yesterday morning at about 7am, I was excited to get a ""Free"" drink and use my card on my iPhone app (yes I go a lot). When I took out the coupon and was about to ask if I could get my usual (cheaper than the drink on the coupon), the barista said someone had mass produced the coupon so Starbucks was no longer accepting it? How can you stop using a coupon with a good date on it? I didn't want to be without coffee so I bought an iced coffee with milk and they got it right; but the guy in front of me brought his back because they added sweetener without asking. This is a newer Starbucks, but it has been there long enough to not worry about 1 cup of coffee vs. losing a customer."
Jessica,"Tulsa, OK","Reviewed Feb. 26, 2013",1.0,"This was the last thing I thought I would be doing today, when I was attempting to order a large number of gift cards online on Starbucks B2B corporate sales site. I was having an issue with uploading my document with names and addresses I wanted the cards sent to, so I e-mailed them with my question and document. Later on in the day, I realized this matter is pressing and they probably weren't going to get to my e-mail today, so I got back on and noticed the ""Need Help? Call 1800** for assistance. "" So I did."
Michael,"Rancho Cucamonga, CA","Reviewed Feb. 8, 2013",1.0,"This is specifically in regards to the store located on 10831 Foothill Blvd. Rancho Cucamonga, CA 91730. This morning, I came in around for what I thought was a simple order, but oh, was I wrong. Not only did the barista making my iced Americano give me almost no ice (if I remember correctly I asked for an iced Americano), he also gave me this very dirty look when I asked he put more ice in the drink. That was nothing, however, compared to what his shift-lead for the store did with my second drink. "
Kriz,"93720, ca","Reviewed Feb. 6, 2013",1.0,"I'm a gold member and regular at Starbucks. I've been going every day for the past 7 years spending thousands of dollars per year ordering the same drink. The white mocha I get costs $5.50 every day. It's a quad venti 4 pump no whip WM. But in the past year or so, the baristas have been lazy on numerous occasions. They never mix the syrup like before. Now I have to ask them to which is crazy. I mean how much more should I spend for them to do their job. It's not a huge complaint but if I don't check it, I sometimes suck up pure syrup. Just venting on my venti."
Julia,"Eugene, OR","Reviewed Jan. 6, 2013",2.0,"The coffee was very old and had no flavor. It's worse than coffee left sitting in a big aluminum urn in an office! This happened three times. I was thinking the third time might be a charm but it turned out the same as last two visits. A bust! I have to say the people behind the counter and window could use training in customer service also. They have lots to say to each other and leave the customer hanging out to dry. Sad thing is I waited with great anticipation on this store opening. It's difficult to turn into - bump tires on car in drive-thru lane. Both times, I used the window in which the service wasn't quite as bad as the service inside."
Erika,"Chicago, IL","Reviewed Dec. 27, 2012",1.0,"I have lived in Old Irving Park for over 5 years and have been a loyal customer at the Starbucks in my neighborhood as well as to the Starbucks Corporation in general. I buy at least 5 or more lattes a week and spend thousands of dollars a year on the company. I have never had an issue with the store, but in the last few weeks, I have had 2 incidents with 2 separate employees."
J M,"Seattle, WA","Reviewed Dec. 21, 2012",2.0,"I don't shop online at Starbucks because whenever I try to email a question, the email never works. Just try filling out the form and then hit the send button. The only thing that will happen is that your email will reappear, apparently unsent. Press it again and the same thing happens, again and again. It's the ""Groundhog Day"" of emails."
Anony,"Jupiter, FL","Reviewed Dec. 20, 2012",1.0,"If I could give negative stars, I would! I was given a Starbucks card as a gift. What a scam, these ""gift cards"" are! I don't drink coffee, but decided to try to make the best of it and see if there was anything on their website to buy. I figured I'd go ahead and purchase some of their overpriced honey, just to use up the card. But after I went through all of the time and trouble on their unfriendly website to register, register the card, register for the store, etc. and jumped through all of those stupid hoops, I finally got to the checkout. I entered the long card number and pin, and it says cards can't be used right now because the site is down for maintenance. That was at 7pm yesterday. "
Linda,"Temecula, CA","Reviewed Nov. 28, 2012",2.0,"I think you should know that as a long time consistent customer, I am actively seeking a different coffee shop. I frequent Starbucks throughout Southern California, usually spending up to an hour or slightly longer. The environment is always freezing. I've mentioned this to the baristas in San Diego (Point Loma), Temecula (all of them, especially the one I often go to in the Meadows). It doesn't matter what time of year it is, the air conditioning is always cranking. Nothing ever changes and no one cares. My only recourse is to give up and start going to coffee places which are inviting and comfortable. Thought you should know."
Maria,"San Leandro, CA","Reviewed Nov. 6, 2012",1.0,"I always go to the Starbucks in Oakland, on Hegenberger, and I've never really had an issue with service until last night! The Barista ** was rude to me and my children! She seemed very detached from her responsibilities and ability to be friendly. Usually when I come, I only see two girls, ** and **, who are both very sweet and willing to do what it takes to satisfy me and kids. ** always puts a really big smile on my kids’ faces and mine. She's a really sweet girl. Unfortunately she was off tonight. But last night, my kids asked for pastries and ** (""Person in charge?"") ignored my son, due to her deep concern with texting. She never even acknowledged him standing there. ** later helped him. I studied for some time to overhear the night shift complaining about the job to a guy who came in. If she hates her own manager and the way she's treated here, why not quit? It will probably do us good customers some justice! "
Jane,"Kansas City, MO","Reviewed Oct. 8, 2012",2.0,"I've been going to this Starbucks Independence location across from Independence Center Mall for years and service has been getting worse but yesterday, it hit rock bottom. Both girls were extremely rude, asking why I was in there. ""Duh, dumb **,"" to get coffee! Upon ordering the drink and food for a friend, the one girl threw the food on the counter nearly causing it to hit the floor and the other girl named Alyssa, making the coffee, tossed the container on the counter nearly causing the cup to hit the floor. Okay, it's just going to hit your floor and make a mess that you will have to clean up. This location is going downhill."
Corey,"Atlanta, GA","Reviewed Sept. 23, 2012",1.0,"My girlfriend and I went to Starbucks like most other nights and got a couple of drinks. We were about to drive off but it was so nice outside that we went for a 10-minute walk down the road and back. When we got back, my car had been booted by the security company for that Starbucks. I explained we went for a 10-minute walk and what would the difference be if we sat inside for 10 minutes? The guy refused to remove the boot and kept saying we left the parking lot. There were no other cars in the lot because the store closed at 10, so this was completely unreasonable. I tried to get the employees inside to print the receipt showing the time but they would not help the situation. I had to pay $50 to get it removed and that was so wrong. Way to give the big ** to what was a loyal customer. I will never spend another dollar at Starbucks again."
Annonymouslydiscriminated,"Brooklyn, NY","Reviewed Sept. 5, 2012",1.0,"I live and worked in Soho, NYC for years. I lived around the corner of Spring Street. I began to go there a lot to use internet and meditate between life for hours or not so many and use the bathroom when I had to as I have a running bladder. I don't even drink coffee and start on decaf when I go there because I feel I have to buy. Some places are severely abusive about this. Soho is clean, at least most of time, of bathroom dirt."
Larry,"Livermore, CA","Reviewed Sept. 4, 2012",2.0,"I go regularly to the Starbucks at 223 South Vasco Road, Livermore, CA and over the past few months, service has dropped. Today, I went in at 5:10 am and the dark roast coffee I ordered was barely lukewarm. Since I had already left, I was not going back. The problem is that for me to go to another coffee place I have to change my routes which I am going to do. Too many mistakes with no coffee brewed, short staffed, etc. Pete's is downtown. I guess I will go there if I want coffee or go to one of the fast food places."
Kim,"West New York, NJ","Reviewed Aug. 20, 2012",5.0,"I have been a Starbucks customer for many years and I had the worst experiences at Starbucks on Saturday, August 20th at Bergen Town Center (Target Paramus T-2381). I had ordered Strawberry smoothie for my daughter. My daughter has a severe allergy to milk and she had an Anaphylaxis at the store after drinking the smoothie. Before I ordered the smoothie, I asked the employee three times if the smoothie was okay because my daughter had a severe allergy to milk. I made it clear to her that she cannot have any milk contact. She told me that the smoothie will be just strawberries and soy milk, so it will be fine. So, I ended up ordering one for my daughter because she said it will be in the separate soy milk blender and and she will be using soy milk. "
Hedy,"Wallins, KY","Reviewed Aug. 8, 2012",2.0,"My husband and I went to the hospital down at Lex, KY for appointment. We were there for about four hours. When we came, I told my husband, ""Let's get us a cup of coffee."" I told my husband that Starbucks has the best coffee because he had never had Starbucks before. So, we stopped in by going out the door at the hospital. We did not have to stand there for long and we tried the regular coffee. I got my Starbucks coffee with cream and my husband got his coffee black. We went outside and started to drink the coffee and my husband started saying how bad it was. I told him this is the best then I took a drink and it was the worst coffee I had ever drunk in my life. I would have never given the coffee away and I sure would not have charged anyone for it. I would have taken it back but we were getting on the bus to go to the garage parking lot. The coffee tasted like it was burned and it was so bitter that it made us sick just tasting it. It made me angry because we paid so much money for coffee like this and had to trash it."
Carol ,"Bend, OR","Reviewed Aug. 5, 2012",1.0,"Starbucks in Safeway Bend - I was in Safeway, the one on Franklin, getting a coffee in Starbucks during the week. There was a person in front of me who was served and had their coffee by a girl, by the name of **. She was talking to the customer and paid no notice of me. Another person came up behind me and also wanted a coffee, got sick of waiting and walked off. In the end, I also did myself. Who is this young lady and why is she still working here? She was so rude and I would like this to be taken care of as soon as possible. Thank you."
John,"Penang, OTHER","Reviewed Aug. 3, 2012",2.0,"One fatty Malay guy who is working at Sunway Carnival mall is not polite. When I pressed my order, he showed me his uncomfortable face to me - no smiling at all and talked to me very rudely. The service is so poor."
H,"San pedro, CA","Reviewed July 12, 2012",1.0,"My husband and I are regular shoppers there. At least once a week early morning, we stop to get coffee at the Starbucks located inside the store. The girl with long hair and who wears eyeglasses is always **. This barisita is crappy and grouchy. You can see she hates her job. She always makes you wait for your coffee; sometimes, you need to remind to give you back your change."
Phil,"Houston, tx","Reviewed June 23, 2012",1.0,"Because the incompetent manager, **, at store no. 6723 does not like me, she called a cop on me and told the cop lies about me and said I was barred from the store and the other Starbucks in the district. Since when does a store manager dictate the policies for the district? On that same day, she served me coffee and a brownie a half hour before the cop showed up. She set me up. Before that happened, I was regular loyal customer, and I told my friends and relatives about this incident. They are going to cut up their gold cards.The worst part of this was that the fool manager and the cop yelled at me to get out of the store and the idiot cop did not want to hear my side. I was humiliated in front of the employees and the customers, and that moron, the district manager, won't help me and she loves her. I believe nobody at Starbucks will help me. Maybe it's a blessing in disguise that people find out about this horrible company, because there are better coffee companies out there."
Rebecca,"Indian Harbour Beach, FL","Reviewed May 30, 2012",2.0,"After numerous complaints to Starbucks about an incident that occurred at the Indian Harbour Beach, Florida store, it's quite apparent that Starbucks does not care how customers are treated. Foul language is acceptable towards customers, telling customers to shut-up is also acceptable. Slamming customers is also okay, from the rude barista at the Starbucks in Indian Harbour Beach, Florida. Be careful of writing to corporate as you will be labeled as a troublemaker, by the manager. And if you think you were treated badly before, it gets worse if they are told who wrote to corporate. I will never go back to this location. The main barista has had numerous complaints and still has a job, disgusting!"
Gary ,"Aberdeen, Other","Reviewed May 23, 2012",5.0,"I traveled from Aberdeen to Elgin which is about 65 miles and I stopped at Starbucks for a cup of coffee. It was fine going in, placing my order and paying for it but getting my coffee there was some sort of problem. My order was in and all the rest of the people about 5 or 6 people after me in the queue, all got theirs and I was still waiting for mine. So, I just asked for my money back as I never had all day to wait. I, myself, have medical problems and after a 2-hour drive, it would be nice to have a cup of coffee before having to drive back to Aberdeen."
Rosina,"Lexington, MA","Reviewed May 9, 2012",1.0,"Numerous Starbucks locations I frequent have indoor temps that are too cold. I have made calls to the 800 #, spoken to managers at the locations and even left a phone message with the district manager. I have spoken to other customers and they too have said that it is too cold. The AC is on in winter (yes, really) and when it is cold outside. I am beyond annoyed as I have been a loyal customer for years and have been trying to get an answer for more than one year. It is very uncomfortable to be wearing my coat inside and have semi frozen hands because everywhere I sit, there is a blast of cold air. This is extremely wasteful and uncomfortable for your customers. I am fed up by the lack of response to this. I am thinking of going elsewhere."
Michael,"Shanghai, Other","Reviewed May 8, 2012",1.0,Think you have it bad? I will never go to Starbucks in Shanghai again. The clerk dropped the food on the floor and still handed it to me. She refused to exchange it for fresh ones (muffin and sandwich).
Jenny,"Hamilton, OH","Reviewed April 28, 2012",2.0,"I love Starbucks and your service is always great! Though I think it is silly when I pull up to the drive-thru and see one of your employees with a band-aid over her nose ring. Really? That draws more attention to it and looks silly. Let your employees be able to show their studs. Also, I was at another Starbucks a few days ago and ordered the turkey sandwich. I was told they were closing in 5 minutes and the ovens were turned off. Dumb!"
Tony,"Woodbridge , ON","Reviewed April 17, 2012",1.0,"My wife and I were at the Starbucks location at Bay St. and Cumberland here in Toronto. We are loyal customers, but this particular day, Saturday, April 14, 20012, was not very pleasant. I was pick-pocketed. My wallet was gone. I know it’s not your fault, but it’s easy target where your seats are at one point being very narrow. Hoards of people collect at one time and that’s where it happened. We truly enjoy your espressos and cappuccinos. Unfortunately, because of this incident, we will not be returning to this location and we will be informing our friends to be vigilant when going there. This was very unfortunate.  "
Janie ,"Bellevue, NE","Reviewed April 15, 2012",2.0,"I have never been as dissatisfied with Starbucks. I am a regular. Every day, I purchase coffee - and sometimes twice a day. Every once in while, I purchased the large Frappuccino and have it split it into 2 small cups. However, this time the new girl refused to do it. She was very rude. I don’t know what her problem was and why she took her unhappiness out on me and my young child. All I know is that my daughter started crying. I have never had this problem in the Bellevue, NE location. This girl should not be working at Starbucks from what my daughter says. Other than this unhappy girl, the service has always been excellent. Please address this situation."
Ruby,"San Antonio, TX","Reviewed April 8, 2012",2.0,"tried everything to make it right. Still, nothing worked. First, I want to say that the same cup of coffee is being served more in Texas than in California. And it's not in just some spots, it's mostly all over Texas! Why do these people make less per hour in Texas when they actually charge more? And this is the sad part. I pay more for a bad cup of coffee for over five months that I've been back in Texas. I can't get a Caramel Macchiato that is worth drinking even if my life depends on it. I have gone to five different locations, but I give up. I was willing to pay to have a tasty cup of coffee even though I thought the price was too high!"
Brett ,"Lake forest, ca","Reviewed April 8, 2012",1.0,"April 1, 2012. It was a Sunday afternoon and at around 3 pm, my girlfriend and I decided to get Starbucks. We went to the drive through to order mocha frap for me and caramel frap for my girlfriend as usual. After we drove away from the coffee shop, I took a sip of my mocha frap - I felt something in my mouth. I immediately thought it was a piece of paper from the straw, but when I pulled it out, I couldn't believe it - it was a hair ball that I just pulled out of my mouth. I was disgusted and freaked out. I tried to ignore it, but I couldn’t. "
Toni,"Bolton, ON","Reviewed April 7, 2012",2.0,"I was at a Starbucks in Kleinburg, Ontario. I was very unhappy that I was told that I could not have my mozzarella and spinach panini. It could not be warmed up because the machines were all being cleaned. The time was 9:26 pm and they close at 10 pm. I had to take my panini home, which was a 25-minute drive from there. I was not happy at all. I am a paying customer and I should be able to have a panini warmed up even at 9:55 pm. It shouldn't be my problem that the employees would like to be home by 10:05 pm. I hope this doesn’t happen again and that I can be compensated for this issue. Thank you for your time.  "
Nancy,"Chicago, IL","Reviewed April 6, 2012",2.0,"On two occasions, I placed an order for a toasted bagel with cream cheese. First time, I placed my order and proceeded to the cashier and paid (line was long). When I returned, there were 2 orders already on the counter (morning crowd) and I thought one of them was mine. The young lady yanked it from my hand and said it was not mine and my bagel order was not even started. Second time, I requested a multi-grain bagel and was told that they were out by the cashier. Another person pointed to the display case and said ""whatever is there is what we have"". Okay, so I asked for a plain bagel. When she handed me the bag, I looked inside to behold there was a multi-grain bagel. She did not even acknowledge that they were both mistaken or said ""we have one after all"". This Starbucks is located in the building where I work and I find it very convenient, but a couple of the staff there are particularly rude or don't care. Thank you."
Stacy ,"Yonkers, NY","Reviewed April 6, 2012",1.0,"I went into Starbucks and ordered a milk, brownie, frap, and blueberry muffin on April 6, 2012 at 9:55 am. The cashier was not very friendly. I left. When I got home, I noticed she forgot my muffin and I drove all the way back to the store. I let the cashier (Tahisha) know that she forgot my muffin and she looked at me like it was my fault. When she went to grab the muffin (there were only 2 left), I asked her for the one towards the front, to which she let out a loud sigh. She gave me the muffin without saying a word the whole time I was there, without an ""I'm sorry"" and not even a ""Here you go.” I took my muffin in silence and did not say, ""Thank you.” "
John,"Ponte vedra beach, fl","Reviewed March 25, 2012",1.0,"My wife went in to get two coffees. She must have picked up the wrong one that was mine. We left and went 5 miles down the road when I found out I got the wrong one, I went back and told your employee, **, I did not get what my order was so he proceeded to tell me I should have looked at the name on the cup and that was the way it was. I said, ""Don't you think you owe me an apology for their mistake?"" He said he owed me nothing and told me to leave the store. We have been going to that location since it has been opened. We spend on the average $200 to $300 per month with Starbucks. Needles to say, that came to a halt as of today. The store is at 2 Fairfield Blvd., Ponte Vedra Beach. ** is your great employee of the year. I will be calling your store manager tomorrow."
Crystal,"New York, NY","Reviewed March 25, 2012",1.0,"I went to my corner Starbucks at #7612, 1st Ave. & 60th street in NY. As usual, no smiles from the morning crew. But today, a particularly rude cashier by the name of ** had the nerve to interrupt my conversation with the person behind me when I told that person that this was the worst Starbucks in the neighborhood. He espoused very sarcastically how sorry he was and proceeded to talk back to me all the way through my transaction. The girl working behind him was using her cell phone while working, and the others were looking cross at every customer that walked in. Absolutely the worst customer service! This is sad. I have already complained to their management, but it seems that Starbucks has a monopoly here in NYC as they are literally on every corner!"
Vicki,"Portland, OR","Reviewed March 18, 2012",1.0,"I have been coming to the Starbucks at 1503 NE MLK Blvd, Portland, OR for 7 years. It used to be my favorite part of the day. I chose this particular Starbucks because I could come and have a quiet time in a comfortable chair, to rejuvenate and forget the world in a book. But recently, the manager started engaging me in conversations about my day. It was nice at first, but then I noticed that the employees were laughing when I walked in and I heard them talking about me. "
Maggie,"Los Angeles, CA","Reviewed March 17, 2012",2.0,"I always like to get a coffee like around 7 p.m. to 8 p.m. It seems that every time I go to this Starbucks located at 3853 E. 3rd street Los Angeles, CA, they never have the cinnamon swirl coffee cake. I have been going to this Starbucks because it is closer to home and I have try to go a little earlier to see if maybe they just run out of this bread because it might be popular. But even that I always get no answer when I want to purchase this bread. This is not the first time that has happened to me! I am a manager of a fast food place and I know that customer service is really important as well as quality product. Hopefully, you guys can do something about this or I will have to stop going to Starbucks!"
MaryJane,"Santa ana, CA","Reviewed March 14, 2012",2.0,"I ordered a lemon cake. I sat down and discovered it was hard and old. I went back to return it and the girl said, ""All the cake is the same.” I said, ""May I please have a fresh slice? I don't believe that they are all the same.” She got mad and took the tongs, scraping off the frosting, and stuffed the cake in the bag. Then, she began to talk about me to another employee. Bad customer service. Very rude."
Dale ,"Grass Valley, CA","Reviewed March 13, 2012",2.0,"On 3/12, my wife went to the Starbucks on Highway 20 in Yuba City and ordered a granda and a venita Vanilla Chai Tea, both drinks were too hot to drink for almost 45 minutes. By this time, we were 35 miles away, and once we could drink them, we found that there was no vanilla. We would have taken it back if we were not so far from the store. My wife also had an apple fritter that was hard as steel."
Scott,"Elk grove , CA","Reviewed March 9, 2012",1.0,"I came in and ordered a tall caffe latte with soy. I waited for over 15 minutes and I had to leave without my drink. I have never had this happen. Very unhappy. This was in Ukiah, California, about 7:20 in the morning."
Armando,"Worcester, ma","Reviewed March 7, 2012",2.0,"I have been purchasing pods from Auburn Starbucks store five per week for years. For the past three weeks sold out or manager not placing order, this morning I walked in and got a dirty look like I was inconveniencing them that they did not have the pods."
Linda,"Chino, CA","Reviewed March 7, 2012",2.0,"I ordered two VT drinks, both were not how I ordered them. I was in a drive thru, could not go back. Very unhappy. Store#9627, Ontario."
Philip,"Houston, tx","Reviewed March 4, 2012",1.0,"I was a regular Starbucks customer for three years in a row, but this store (number 6723) went downhill, and the manager was rude to me twice, in front of customer, and employees (she won’t apologize).  The district manager (Jean **) argued with me.  She won’t apologize, and the regional manager (Gus **) is a pompous, arrogant **, and he did not believe me, and that fool won’t help me.  I am thinking about telling my friends and relatives to quit going to Starbucks, unless someone helps me."
Lois,"Washington Island, WI","Reviewed March 3, 2012",2.0,"Weak coffee - My husband and I ordered a bold coffee. It took at least five minutes to get 2 coffees. We noticed she was pouring hot water over the grounds. We questioned it because I have never had a coffee done like that. It was a new way they do it she said. We were traveling and tasted it about 5 minutes after we got it. We were on a tight schedule. We should have turned around. There was no coffee flavor at all. We go to Starbucks often. I would like to be reimbursed. The shop is in New Berlin, WI on Moorland Ave."
Dixie,"Frederick, MD","Reviewed Feb. 29, 2012",2.0,"I ordered a grande tea and they used only one tea bag, the same as a tall tea. What is the extra charge for in the grande size? Water? Come on, give me a break."
Gina,"Fresno, CA","Reviewed Feb. 28, 2012",3.0,I order the same things at many Starbucks in California. This is the only Starbucks that charges me more for the same product. I always order a grande Americano with steamed breve. I'm charged 65 cents more. I'm told it's everything from the breve to the labor. Everywhere else it's $2.55.
Nathan,"Hong Kong, Other","Reviewed Feb. 27, 2012",1.0,"I purchased a ham tomato and cheese sandwich from a Starbucks in Hong Kong. The sandwich I bought looked great in the display cabinet, three layers of the advertised bits promising to be as delicious as I was hungry."
Doaa,"Dokki Giza Egypt, NY","Reviewed Feb. 26, 2012",1.0,"My iPad was stolen from Starbucks Egypt (Soil Man Abaya branch) while being there on Friday, Feb. 24th. around 5 p.m. While I was sitting and studying. Upon asking the manager to retrieve the camera, he answered that they don't have a camera! I'm so disappointed as it has got all my data and work. Also I should be sitting in a reputable place."
Angelica,"Summerville, SC, SC","Reviewed Feb. 23, 2012",1.0,"I had accidentally set my alarm the night before an early school morning for 9:30 instead of 8:30. Running late, feeling frazzled and rather hungry, I decided it wouldn't be an issue because I stop at the Starbucks by my school campus every Tuesday and Thursday morning and had been checking out their breakfast selection on my last visit there. "
Haley,"Cheney, WA","Reviewed Feb. 21, 2012",2.0,"I work as a Starbucks, Safeway employee; and I have recently gotten the job. There are no benefits at all. At a normal Starbucks, they get a pound of coffee a week, and I don't get any discounts. I get none of that, and I don't even get discounts on drinks. I find this unfair to all Starbucks, Safeway employees. I need to know why we don't get benefits just because I work in Safeway."
Steven,"Beverly Hills, CA","Reviewed Feb. 19, 2012",1.0,"I visit a lot of Starbucks. I like the atmosphere, and the people are really nice to me. That was until I went to the Starbucks on 749 Lincoln Road, Miami Beach, FL. I went in at around 7:30 AM, and it wasn't very busy. I was the only person in line. The male barista greeted me, and I asked for a tall cup of hot water, because I had a VIA (that I actually bought from that Starbucks, two days prior). He said sure, and he went over to pour the hot water and said (in a very snappy tone) ""I'll give you a small cup"". At first I thought she was offering me a small cup, because that's the size that's recommended with a VIA. So I said, ""oh no, can you please give me a tall one, because it's too strong in a small cup""."
Deborah,"Bellevue, WA","Reviewed Feb. 18, 2012",1.0,"I just recently moved to Renton Washington and have never had poor made drinks when going to other Starbucks. First, my drink is Venti Iced Mocha, with half of one pump mocha, no whip. From the time I started going to this Starbucks, they have but once got my simple drink order right, plus they charge me the whole mocha price, when everywhere else charges me a Latte price. Every time they mess up my simple drink, it is me having to wait and wait with no sorry, or a free drink offer, and it really upsets me. "
Kaci,"House, NO OTHER LINE NEEDED","Reviewed Feb. 12, 2012",2.0,"I visit Starbucks drive-thru on a very regular basis and always order the same thing, a triple venti, non-fat, no-whip mocha. Most of the time I receive what I ordered. But here lately, at the store on Denton Hwy 377 in Watauga, Tx they continuously get it wrong. So be to sure, I always take a sip to be sure. But this morning was ridiculous."
Robert,"Denver, CO","Reviewed Feb. 6, 2012",2.0,"I like your product, particularly your coffee but notice that your cups, more often than not, tend to leak at the seam when the lid is in place. I have plenty of ruined shirts and a big dry cleaning bill to prove it."
Alma,"Hamilton, ca","Reviewed Feb. 5, 2012",1.0,"Well, I went to Starbucks today at 9 am on 2/4/12. The guy took my order and he didn't give me my receipt and he threw it away without asking me if I wanted it. Are you serious? And I ordered two grande mocha. He didn't not fill it up. It was halfway filled. Are you serious? I don't remember the guy's name."
Jaxan,"Upper Lake, CA","Reviewed Feb. 4, 2012",2.0,"You need to do something to help or straighten out the Ukiah, CA store on Perkins St. We went there today, 2/3/12 at 10:00AM. The drive-up line was all the way to the street. I went inside and about a dozen people were in line, but it moved alright. I placed my order and stood with the group waiting for their drinks. My breakfast sandwich was handed to me quickly. "
David,"Garden Grove, CA","Reviewed Feb. 1, 2012",2.0,"In Edinger at Beach Blvd in Huntington Beach, CA, the Barrister was a total cipher. There’s no word, no nothing just a morning void. Mute, like I am at a cemetery internment. Just shoves the wrap in my face. After 5 years at this Starbucks store, I have moved on! At 82 years of age, I do not need a bunch of attitude from some squat Oriental!"
Amanda,"Stanley, NM","Reviewed Jan. 4, 2012",1.0,"I was at Smiths grocery store #424 in Edgewood, N.M. today . This is normally where I do all of my grocery shopping. I have always enjoyed my experiences there, except for this particular day. I chose to drop off a prescription at this location. Rather than leave and go home, then have to drive back in 30 minutes, we opted to wait until our RX was filled. "
Blanca,"Bakersfield, CA","Reviewed Dec. 6, 2011",1.0,"I'm currently a college student and I make it a routine to visit Starbucks whenever I have a huge exam coming up or final exams. It's a great place to study and enjoy my favorite coffee at the same time. But the last couple of times that I've been to the Starbucks by my house, I have ran into a crowd of extremely loud folks that hang around inside and speak really loud. They even arrange the couches and the chairs in a circle so they can talk. They scream across the place and even the employees working there are really loud!"
Bella,"Sacramento, CA","Reviewed Dec. 5, 2011",1.0,"I'm not sure if that is the correct date, but its very close. I run a salon in the same shopping center here in Natomas. Ive been going to the same Starbucks for the last 5 1/2 years or longer and Ive never been so disappointed in the customer service that I had been getting the past few months. My final straw was when I waited about three hours until I finally got my coffee. I had come in and, yes, it was very busy, but there is no excuse for this. "
Rachell,"West Sacramento, CA","Reviewed Dec. 5, 2011",1.0,"I've been going to this location for about 5 years and I usually have a good experience here. Today was horrible. I was taken back after I witnessed the manager with a poor display of customer service. He had made the lady's drink in front of me wrong for the second time. When she asked him if the shots had made it into her drink.he snapped back at her and said, ""Yes, I made it the way I always do. Did you brush your teeth this morning?"" I was blown away by how unprofessional he was. This wasn't the first time I've seen him be rude to his customers which is why I feel I need to say something."
Kim,"Lake Forest Park, WA","Reviewed Dec. 4, 2011",1.0,"I would like to preface my complaint by saying that for the past several years, Starbucks has been part of my morning routine. Recently, my husband and I were lucky enough to take a vacation to New York. We were tourists in a very large unfamiliar city. During our walking tour, I needed to use the bathroom and to my relief I was across the street from a Starbucks. Imagine my surprise when I discovered that Starbucks did not allow public use of restrooms. You sell a diacritic for heavens sakes. "
Rania,"Leesburg, VA","Reviewed Nov. 26, 2011",1.0,"Today, Friday November 25, 2011, I went to Starbucks located at 531 East Market St. Leesburg, VA 20175. I ordered grande latte and I had to wait so long because the person who was doing the drinks did 4 drinks for 4 people who came after me and placed their order after me. I told him that I placed my order before these people and what he did wasn't right. He said to me in a very rude way, ""I'll get your drink and you'll get the ** out of here"". He added, ""Starbucks doesn't want to have customers like you"". I was totally shocked by what he said and I asked that I want to speak to the store manager. I explained to the store manager (Dennis) what happened and I asked him to give me the corporate phone number. The store manager didn't do anything about what happened in his store."
Judith,"Jersey City, NJ","Reviewed Nov. 22, 2011",1.0,"I really hate to complain but I felt I need to let you know that on Saturday November 19, at a Starbucks in NYC, when I gave my order 5 times to the counter clerk person, he could not get it straight. When I was given my hot caramel lattes, they didn't have any caramel in the latte, just milk and coffee without any flavor. This is the first time I had ever had any difficulty ordering my lattes and my marble cake. If given this place a rating of stars, it would get the lowest being 1/2 star."
Natasa,"Abbotsford, BC","Reviewed Nov. 19, 2011",2.0,"Earlier today (November 18th/11), I went to the Starbucks WestOaks Mall location in Abbotsford, BC. I ordered a Grande Gingerbread Eggnog Latte reduced fat and the total had come to $6.10. When a week earlier, I went to the Starbucks down the road on South Fraser Way Abbotsford, BC, and the total was approximately $5.00 (I don't remember the exact total) but it was not $6.10. I'm just wondering why at the WestOaks location it cost more."
Rae,"Barataria, LA","Reviewed Nov. 10, 2011",2.0,"I visit Starbucks at least three times a week at the Marrero, Louisiana location.  I was there this morning at 6:15 and the woman at the window just had her hand stuck out of the window and her head turned the other way.  I handed her my money and I had her tip ready to give to her but when she handed me my coffee, she did the same thing.  She never looked at me the entire time.  She is at the window a lot and she is never friendly.  You can tell that she obviously hates her job and should never be at the window.  She is the only one that is like that at this location and I am getting tired of it."
Jane,"Longview, WA","Reviewed Nov. 5, 2011",1.0,"Starbucks has implemented a ""one button"" entry for a Peppermint White Chocolate Mocha as part of their holiday promotion. This button rings the drink up as a single item, costing $4.75 for a Venti sized drink. Prior to this programming change, the same drink would come through the receipt as a White Chocolate Mocha costing $4.25 with a separate line item for the Peppermint costing $.50. This difference is not visible to the consumer until the conclusion of their transaction. When the customer pays with a Starbucks Gold Card, the modifier charge is removed, reducing the price of the drink by $.50 -- one of the specific benefits of the Gold Card. When the drink has been entered as a single item, there is no modifier line to be removed, therefore there is no deduction for the peppermint that was added to the drink."
Derrick,"Desert Hot Springs, CA","Reviewed Oct. 30, 2011",1.0,"I have complained about two store locations, Cathedral City, CA, and Desert Hot Springs, CA, concerning: 1. discrimination 2. verbal abuse 3. foul beverages 4. false accusations 5. harassment and Starbucks has done nothing to end the abuses."
Kelly,"Marietta, GA","Reviewed Oct. 23, 2011",1.0,"I bit into glass when I took a sip of my coffee.  I was in the parking lot, so I returned to the store.  I told a worker and went to the spot where I fixed my coffee (the only thing I had done was add sugar and cinnamon).  The worker immediately saw that the bottom of the glass cinnamon container was all broken up.  So while I thought I was adding cinnamon, I added glass as well."
Marcie,"West Allis, WI","Reviewed Oct. 11, 2011",1.0,"I have been going to this star bucks by Miller Park for several years spending anywhere from $20-$30 a day every day (just a little addicted I know). The manager there (John) he is a train wreck after being there for 6 months he made my last drink. I threw them in the trash. I called his district manager (Julie) several times. About 3 weeks ago, I ran into her at the store and talked with her. Here he was asking his employees how to work the safe. (hello he has been there almost a year and still don't know the safe) any who, I was there yesterday there were 4 people on, one lady was pacing while waiting cause she was going to be late for work, another asked why such a long wait, another walked out without their drink. And I as well walked out without my drink, after paying for it because I had waited 10 minutes for a cup of coffee and I had an appointment I had to get to. It is horrible. I wish someone would just do something about this and take the customers complaints seriously."
Brian,"Monroe, oh","Reviewed Oct. 11, 2011",1.0,I go at Star Bucks everyday and sometimes two times in day. I have never had the horrific experiences at any Star Bucks location other than Liberty Township OH location. (**). I order a venti caramel macchiato coffee every time. Twice I have now received frozen curdled sour milk. The first time I just threw it away. The second time I had to drive all the way back to have it replaced and their excuse was oh sorry our refrigerator freezes the milk. I never received a free coffee or a true sympathetic apology. 
Alvia,"Auburn, WA","Reviewed Oct. 7, 2011",2.0,I ordered a tall split drip cup coffee 1/2 bold and 1/2 decaf.  
Kevin,"Omaha, NE","Reviewed Oct. 4, 2011",1.0,"Starbucks at 4801 West Maple Rd., Omaha, NE 68154 is very unhygienic. A fly landed on their closed dessert shelves. I went to the store to get some frappucino on my birthday. I frequent that store at least once a month for the last 5 years. My daughter and wife was with me. My daughter noticed a big fly in the cake dessert covered shelf. This fly appeared to be landing on many of the desserts. My 11-year old daughter brought this to the attention of a Starbuck service lady, but was given the brush off. I myself then brought this attention to the same lady a minute later. Initially she tried to brush me off as well, but when I insisted on knowing what she intended to do about it since it was very unhygienic. She then mentioned that once she complete making my order, she would remove the fly and all the desserts to the trash"
Frank,"Camp Verde, AZ","Reviewed Oct. 4, 2011",1.0,"Your so called manager Tracy ** is the rudest person I have ever come in contact with at any Starbucks.  She spoke down to me and my girlfriend as if we were her children over a glass of tea.  You have a great staff at the Starbucks in Camp Verde, AZ, except for this new manager that has recently joined this team.  This team was so exceptional and now it's falling apart due to one person's hate towards customers.  Customer service is not for her."
Susie,"Mayer, AZ","Reviewed Oct. 4, 2011",1.0,"I have never been so rudely spoken to in such a matter that I left without my drink I was coming into get from your Starbucks in Camp Verde, AZ by Tracy **.  She scolded me as if I was a child or the way I have heard her speak to her employees.  I have been a daily customer for 6 years and spend about $100.00 a week in this Camp Verde location.  Since the new manager has come to this location, it's not been the same.  Please relocate this so called manager or give her the proper training to deal with customers.  If she is unhappy with her employees, she should not take it out on customers.  All, and I mean all the employees at this Starbucks are simply amazing people who love their jobs and treat all customers with patience and tolerance.  I am so upset with the way we were talked to that I do not know if I can go back to this location while Tracy ** is working there.  Please, for the local people, get rid of her.  Send her to training in a big city where she must came from.  Thanks."
Margaret,"Cotati, CA","Reviewed Oct. 2, 2011",1.0,I ordered Via Starbucks coffee online. I received and email that they were out of stock at the warehouse so they cancelled my order. They left me a number I could call and place a replacement order. 
Ric,"Oakville, ON","Reviewed Aug. 31, 2011",3.0,"My name is Ric **, I am journalist by profession. I'm sending this letter to Starbucks Coffee Company's head office to make a formal complaint, regarding the incident that happened to me on July 21st, between 4 to 4:30 pm local time at Starbucks coffee shop located on 195 Lake Shore East in Oakville, Ontario."
Jayne,"Ny, NY","Reviewed Aug. 24, 2011",1.0,"The bagel was ice cold, not cut and not toasted."
Norma,"La Puente, CA","Reviewed Aug. 15, 2011",1.0,"In the morning of Monday, August 15, 2011, at 6:45 Am, my co-worker and I stopped at Starbucks to buy the usual – one Venti Cafe Frappe and one Venti Cafe Vanilla Frappe. We had to go straight to work because we start at 7:00 AM across the street. We go there at least twice a week for our drinks."
Kenneth,"Beecher, IL","Reviewed Feb. 6, 2010",5.0,"I found the coffee at Starbucks overrated and taste as survey was bitter. I have to comment about ""BP"" and Speedway gas stations. They have got good coffee, I mean you can wrap your hand around a good tasting cup of coffee. I believe everybody has improved on their coffee they sell Whether it's either store bought or ready made."
